"","sequence3_strict_NMP","sequence3_strict_FEP","sequence3_lax_NMP","sequence3_lax_FEP","income","LogTotalFarm_acres","Education2","blame_ag","priority_econ","priority_conservation","consulting2","Q17_SelfCert_A","wqcperc_avg","Info_count_15"
"1","None","None","None","None",NA,4.83786795010711,NA,5,4.33333333333333,3.6,NA,0,3.14285714285714,1
"2","Conceptual","Applied","Conceptual","Applied",1,3.01062088604774,5,3,4,3,1,1,3,1
"3","Conceptual","Applied","Conceptual","Applied",3,4.17438726989564,2,5,NA,NA,NA,1,3.57142857142857,1
"4",NA,"Applied",NA,"Applied",3,4.40060302024682,3,1,5,NA,1,1,3,3
"5","None","Applied","None","Applied",4,2.4423470353692,7,4,4.66666666666667,3.6,1,0,3,9
"6","Applied","Applied","Applied","Applied",2,6.64274752356923,7,NA,4.16666666666667,4.2,0,1,4.14285714285714,5
"7","None","None","None","None",6,5.75542570780804,2,3,4.66666666666667,5,1,0,3.14285714285714,4
"8",NA,NA,NA,NA,2,5.79878957823454,NA,3,4.33333333333333,3.4,0,1,3,4
"9","Conceptual","Conceptual","Conceptual","Conceptual",3,4.64150211523548,6,3.33333333333333,4.66666666666667,2.6,1,1,2.57142857142857,1
"10","Conceptual","None","Conceptual","None",2,4.20469261939097,4,3,4,3,1,0,3,2
"11","Applied","Applied","Applied","Applied",4,5.68697535633982,5,4.33333333333333,4.33333333333333,4.2,1,1,4,6
"12","Conceptual","None","Conceptual","None",1,3.55534806148941,3,3,3,NA,0,0,4,1
"13","Conceptual","Conceptual","Conceptual","Conceptual",4,7.07749805356923,6,NA,5,5,0,0,4.14285714285714,2
"14","Applied","Applied","Applied","Applied",1,3.2188758248682,3,4,4,4,0,1,2.71428571428571,3
"15","None","Conceptual","None","Conceptual",3,4.38202663467388,2,3,4,3.4,0,0,2.42857142857143,1
"16","None","None","None","None",5,5.85793315448346,5,2,4.66666666666667,4,1,0,2.14285714285714,4
"17","Applied","Applied","Applied","Applied",1,2.83321334405622,4,NA,4,4.4,0,0,3.57142857142857,1
"18","Applied",NA,"Applied",NA,1,4.88280192258637,4,4.66666666666667,4.33333333333333,4.4,0,1,4.57142857142857,1
"19","None","None","None","None",NA,1.94591014905531,NA,3.33333333333333,5,3,0,1,2.57142857142857,2
"20","None","None","None","None",1,3.91202300542815,2,3,1.66666666666667,3.8,NA,0,3.14285714285714,2
"21","Conceptual",NA,"Conceptual",NA,2,6.3261494731551,5,4,4.83333333333333,5,0,1,3.14285714285714,5
"22","None","None","None","None",1,2.30258509299405,6,3.33333333333333,4.66666666666667,4.4,0,1,2.71428571428571,5
"23","Applied","Applied","Applied","Applied",2,5.87211778947542,4,4.66666666666667,4.66666666666667,4.8,1,0,4.42857142857143,13
"24","Applied","Applied","Applied","Applied",2,4.97673374242057,5,3.33333333333333,1,4.2,0,1,4.57142857142857,3
"25","Applied","Applied","Applied","Applied",3,3.46885603013597,6,3.33333333333333,3.16666666666667,4.2,0,1,4,2
"26","Conceptual","Conceptual","Conceptual","Conceptual",NA,3.67882911826043,4,3,4.83333333333333,4,1,1,4.57142857142857,4
"27","Applied","Applied","Applied","Applied",5,4.8545271441182,6,4,4.66666666666667,4.8,0,1,3.85714285714286,10
"28","Applied","Applied","Applied","Applied",3,3.67376581630389,3,2,4.66666666666667,4.2,1,1,4.42857142857143,6
"29","None","None","None","None",5,5.29581423632992,6,1.66666666666667,3.5,4.4,1,1,1.57142857142857,1
"30","Applied","Applied","Applied","Applied",1,2.54944517092557,6,1,4.5,4.6,1,0,4,11
"31","Conceptual","Conceptual","Conceptual","Conceptual",6,8.40018735366331,4,3,4.16666666666667,4.2,1,1,3.57142857142857,4
"32","Applied",NA,"Applied",NA,1,3.45631668088323,6,4,4.5,4.2,0,0,3.28571428571429,3
"33","Applied",NA,"Applied",NA,2,3.20680324363393,4,4,3.83333333333333,4,0,1,3.42857142857143,2
"34","Conceptual","Conceptual","Conceptual","Conceptual",5,3.70130197411249,6,4,4.66666666666667,4.6,1,1,4.14285714285714,2
"35","Applied","Applied","Applied","Applied",1,2.26176309847379,5,1,5,NA,1,0,3.57142857142857,1
"36","Conceptual","Conceptual","Conceptual","Conceptual",2,3.00568260440716,4,3,4.33333333333333,4.4,0,1,3,6
"37","Conceptual","Conceptual","Conceptual","Conceptual",2,2.86220088092947,4,3,4.33333333333333,4.4,0,1,3,6
"38","Applied","Applied","Applied","Applied",3,3.74004774068834,7,4,4.5,3,0,0,3.42857142857143,2
"39","None","None","None","None",1,2.78501124223834,5,2,4.5,3.8,1,0,3,6
"40","Applied","Applied","Applied","Applied",6,6.79916733856524,6,4,4.66666666666667,5,0,1,4.57142857142857,5
"41","None","None","None","None",1,2.18605127673809,5,2.66666666666667,4,1.4,0,0,2.57142857142857,2
"42","Applied","Applied","Applied","Applied",NA,3.3499040872746,3,4,3.83333333333333,4.4,0,1,3.28571428571429,4
"43","None","None","None","None",6,6.04713574447844,7,2,4.5,3.66666666666667,0,0,1,3
"44","Conceptual","Conceptual","Conceptual","Conceptual",6,6.17898092077904,6,3.66666666666667,4.66666666666667,5,0,1,4.14285714285714,9
"45","None","None","None","None",5,4.94648780760578,6,3,4.66666666666667,3.6,1,1,2.85714285714286,4
"46","Applied","Applied","Applied","Applied",2,3.30321697330195,5,5,4.5,5,1,0,4.28571428571429,4
"47","Applied","Conceptual","Applied","Conceptual",5,5.34424629843644,7,5,3.66666666666667,4.4,1,1,4,6
"48","Applied","Applied","Applied","Applied",NA,2.05412373369555,3,NA,5,NA,1,0,3,3
"49",NA,NA,NA,NA,1,2.68784749378469,7,NA,5,5,NA,1,NA,4
"50","Applied","Conceptual","Applied","Conceptual",1,2.81540871942271,6,3,4.33333333333333,4.6,1,1,3.57142857142857,0
"51","None","None","None","None",5,4.00914971615887,4,3,5,4.8,0,1,1.85714285714286,1
"52","Applied","Applied","Applied","Applied",6,5.91215074038826,NA,5,4.5,4.2,0,1,3.57142857142857,3
"53","Conceptual","Conceptual","Conceptual","Conceptual",2,3.15273602236366,4,3.33333333333333,4.33333333333333,2.4,1,0,3.14285714285714,3
"54","None","None","None","None",1,3.2188758248682,2,NA,5,5,0,0,3.14285714285714,2
"55","Conceptual","Conceptual","Conceptual","Conceptual",2,3.53514535417189,3,2.66666666666667,3.5,4,0,1,3.14285714285714,6
"56","None","None","None","None",1,4.55387689160054,3,NA,3,NA,0,0,2,1
"57","Conceptual","Conceptual","Conceptual","Conceptual",1,2.86789890204411,5,1,1,1,0,0,3.28571428571429,1
"58","Applied",NA,"Applied",NA,4,5.76581786557565,4,4,5,NA,1,0,3.14285714285714,1
"59","Conceptual","Conceptual","Conceptual","Conceptual",3,2.78501124223834,4,5,5,5,0,0,3.14285714285714,4
"60","None","None","None","None",1,2.11625551480255,4,1.66666666666667,3.66666666666667,4,0,0,2.57142857142857,3
"61","None","None","None","None",4,4.08260930600368,6,2.66666666666667,4,4,0,1,3.71428571428571,3
"62","None","None","None","None",6,6.06865704293789,7,3.33333333333333,5,5,0,1,4.28571428571429,6
"63","Conceptual","Conceptual","Conceptual","Conceptual",NA,6.719858207855,5,NA,4.33333333333333,NA,NA,0,NA,1
"64","Applied","Applied","Applied","Applied",3,3.52929738428947,4,5,4,4.4,0,1,3.14285714285714,4
"65",NA,NA,NA,NA,2,3.37416870927424,NA,NA,5,NA,NA,0,NA,1
"66",NA,NA,NA,NA,3,3.90600493310258,5,NA,NA,NA,0,0,4.28571428571429,1
"67","Applied","Applied","Applied","Applied",6,7.43147738448315,3,4,3.66666666666667,4,1,1,3.71428571428571,2
"68","None","None","None","None",2,4.3333614626926,1,3,3.16666666666667,2,1,0,2.85714285714286,2
"69","Conceptual","Conceptual","Conceptual","Conceptual",6,5.75542570780804,6,4,3.66666666666667,3.4,0,1,3,4
"70","Applied","Applied","Applied","Applied",5,4.91559174540936,5,2.33333333333333,5,5,1,0,3.71428571428571,5
"71","Conceptual",NA,"Conceptual",NA,6,6.80383816556236,7,4,4.25,5,1,0,4.5,0
"72","None","None","None","None",2,3.01553490085017,5,1.66666666666667,3.16666666666667,2.2,0,0,3.28571428571429,1
"73","None","None","None","None",NA,5.21927415920758,NA,NA,5,4,1,1,3.85714285714286,7
"74","Conceptual","Conceptual","Conceptual","Conceptual",3,3.10906095886099,3,2.5,4,5,1,0,3.14285714285714,3
"75","Conceptual","Conceptual","Conceptual","Conceptual",1,2.81540871942271,3,4.66666666666667,4.2,3.4,1,0,3.28571428571429,7
"76","Applied","Applied","Applied","Applied",4,3.57794789340665,6,3,4.66666666666667,5,1,1,4.14285714285714,5
"77",NA,NA,NA,NA,4,4.31748811353631,NA,4,3.8,4.5,0,0,3.16666666666667,1
"78","None","None","None","None",1,3.21084365317094,3,3,4,4,0,0,2.57142857142857,0
"79",NA,NA,NA,NA,1,2.47653840011748,1,NA,NA,NA,0,1,3,3
"80","Conceptual","Applied","Conceptual","Applied",6,6.15102911677932,6,2.33333333333333,3.66666666666667,2.6,0,0,3.14285714285714,3
"81","None","Conceptual","None","Conceptual",1,3.42751468997953,3,4,5,5,1,0,3.42857142857143,1
"82","Conceptual","None","Conceptual","None",4,4.64535197562092,7,3.33333333333333,4.2,3.4,1,0,3.57142857142857,4
"83","Conceptual","Conceptual","Conceptual","Conceptual",6,5.6808549700125,4,4.33333333333333,5,5,0,1,3.33333333333333,1
"84","Applied",NA,"Applied",NA,4,2.77258872223978,2,4,3.6,5,0,0,3.6,2
"85","None","None","None","None",NA,4.26408733680919,6,3,4.33333333333333,4,1,0,3.71428571428571,1
"86","None","None","None","None",5,3.10009228887823,6,3.66666666666667,5,3.4,1,0,3,3
"87","Conceptual","Conceptual","Conceptual","Conceptual",3,4.84811636459848,7,5,5,5,0,1,4,3
"88","Conceptual","None","Conceptual","None",5,5.17377403147344,7,2.33333333333333,3.83333333333333,3.2,0,1,3.14285714285714,3
"89","None","None","None","None",2,5.39135223251523,4,3,4.33333333333333,2.4,0,1,1.42857142857143,9
"90","Conceptual","Conceptual","Conceptual","Conceptual",1,1.94591014905531,5,4.33333333333333,5,4.8,0,1,3.14285714285714,5
"91","Applied","Applied","Applied","Applied",6,5.68051384771685,6,5,5,5,0,1,3.42857142857143,7
"92","Conceptual","Conceptual","Conceptual","Conceptual",6,5.26269018890489,6,1,3.66666666666667,5,1,0,3.57142857142857,4
"93","Conceptual","Conceptual","Conceptual","Conceptual",4,5.83682624841397,6,3.66666666666667,4.33333333333333,3,0,1,3.28571428571429,4
"94","Conceptual","Conceptual","Conceptual","Conceptual",1,2.97552956623647,3,NA,4,1.6,NA,0,3.28571428571429,0
"95","Conceptual","Conceptual","Conceptual","Conceptual",1,2.2082744135228,3,NA,4,1.6,0,0,3.28571428571429,2
"96","Conceptual","None","Conceptual","None",4,4.01638302075239,6,3.33333333333333,4.5,3.4,0,1,3,10
"97","Conceptual","Applied","Conceptual","Applied",6,9.39005603637994,6,4,4.66666666666667,4.8,1,1,4.28571428571429,9
"98","Conceptual","Conceptual","Applied","Applied",6,7.38274644973891,6,2.66666666666667,4.5,3.4,0,1,3,7
"99","Conceptual",NA,"Conceptual",NA,6,6.22957552554398,3,4.33333333333333,5,4.4,0,1,4.14285714285714,1
"100","Applied","Applied","Applied","Applied",6,6.02272093675854,6,3.33333333333333,4.16666666666667,4.2,1,1,2.42857142857143,4
"101","Conceptual","Conceptual","Conceptual","Conceptual",6,8.92823074457288,6,2.66666666666667,4.83333333333333,3.8,1,1,2.57142857142857,7
"102","Conceptual","Applied","Conceptual","Applied",6,6.55307833770608,4,2.33333333333333,4.33333333333333,2.6,0,1,3,3
"103",NA,NA,NA,NA,4,4.94378298710842,4,4,4.8,4,0,1,3.14285714285714,6
"104","Conceptual","Conceptual","Conceptual","Conceptual",3,3.91601502669768,6,3,5,4.6,1,1,2.14285714285714,5
"105","Conceptual","Conceptual","Conceptual","Conceptual",1,2.07944154167984,5,5,5,5,1,0,3.71428571428571,2
"106","None","None","None","None",5,4.77153172320332,2,3,4.33333333333333,4.2,1,0,3.71428571428571,5
"107","None","None","None","None",6,6.50712844751422,6,2.66666666666667,3.16666666666667,3.8,1,1,2.85714285714286,3
"108","None","None","None","None",5,5.32739061403374,3,3.33333333333333,4.66666666666667,4.2,0,0,4,1
"109","None","None","None","None",2,3.39785848039664,5,1.66666666666667,3.16666666666667,2.2,0,0,3.28571428571429,1
"110","Conceptual","Conceptual","Conceptual","Conceptual",5,5.66330764209048,6,2,4.66666666666667,3.8,0,1,3.71428571428571,7
"111","Applied","Applied","Applied","Applied",5,3.68637632389582,4,5,5,5,1,1,4.14285714285714,5
"112","Conceptual","Applied","Conceptual","Applied",6,4.8545271441182,6,4,4.66666666666667,4.8,1,1,4.28571428571429,9
"113","Applied","Applied","Applied","Applied",6,5.83889594846338,6,5,4.16666666666667,5,0,1,3.71428571428571,10
"114","Conceptual","Conceptual","Conceptual","Conceptual",6,5.37017280364846,4,4.33333333333333,4.16666666666667,1.8,0,1,3.57142857142857,2
"115","None",NA,"None",NA,1,2.15176220325946,6,3,4.83333333333333,1.2,1,0,2.28571428571429,3
"116","None","None","None","None",1,1.41098697371026,2,3,2.66666666666667,1,1,1,2.85714285714286,1
"117","Conceptual","Conceptual","Conceptual","Conceptual",2,5.6746968937611,6,2.66666666666667,4.66666666666667,2.8,NA,1,3.71428571428571,5
"118","Applied","Applied","Applied","Applied",1,2.89591193827178,6,3,5,5,1,0,3,7
"119","Conceptual","Applied","Conceptual","Applied",6,4.63083793273667,6,4,4.66666666666667,4.8,1,1,4.28571428571429,9
"120","Conceptual","Conceptual","Applied","Applied",2,3.32862668882732,7,3.33333333333333,4.66666666666667,2.4,0,1,1.71428571428571,5
"121","Conceptual","Conceptual","Conceptual","Conceptual",5,5.89907509781463,6,3,4.66666666666667,3.8,0,1,3.42857142857143,6
"122","Applied","Applied","Applied","Applied",2,3.3178157727231,4,3,4,5,0,1,4.42857142857143,4
"123","Conceptual","Applied","Conceptual","Applied",6,5.97228172769121,4,4.33333333333333,3.66666666666667,4.2,0,1,3.57142857142857,11
"124","Conceptual","Conceptual","Conceptual","Conceptual",4,5.02058562494942,6,3,5,4.2,0,0,4.71428571428571,1
"125","Applied","Applied","Applied","Applied",1,6.74688205339405,4,4,4.83333333333333,5,1,1,3.57142857142857,4
"126","None","None","None","None",6,7.5339610537882,6,3.33333333333333,4.33333333333333,1.2,0,1,3.85714285714286,3
"127",NA,NA,NA,NA,NA,3.66356164612965,NA,2.66666666666667,4.33333333333333,5,NA,1,2.66666666666667,5
"128","None","None","None","None",1,1.66770682055808,6,4,3.66666666666667,4,0,0,3,5
"129","Conceptual","Conceptual","Conceptual","Conceptual",5,5.51544284553668,6,3,4.66666666666667,4.8,1,1,4.14285714285714,3
"130","Applied","Applied","Applied","Applied",2,2.64617479738412,2,5,4.33333333333333,4.2,0,1,3.57142857142857,3
"131","None","None","None","None",5,3.47196645255036,3,3,4.33333333333333,3.4,1,0,4,5
"132","None","Applied","None","Applied",4,5.69507803402605,4,1.66666666666667,3.33333333333333,2.6,1,0,2.42857142857143,3
"133","None","None","None","None",4,4.53259949315326,7,4,4.66666666666667,3.8,1,1,3.42857142857143,6
"134","Applied","Applied","Applied","Applied",NA,3.68135118769314,7,5,4.33333333333333,3,0,0,3,4
"135","None","None","None","None",1,2.18605127673809,3,2.66666666666667,1,1,0,1,3.57142857142857,2
"136","Conceptual","None","Applied","None",6,5.90153983958,7,3.33333333333333,4.5,4.6,0,1,2.28571428571429,2
"137","Conceptual","Conceptual","Conceptual","Conceptual",1,2.01490302054226,7,4,4.66666666666667,4.2,0,1,4,9
"138","None","None","None","None",2,3.58351893845611,3,2.33333333333333,3.5,2.6,0,1,3,3
"139","Applied","Applied","Applied","Applied",2,3.61091791264422,7,4,4.8,3.6,0,0,1.71428571428571,3
"140","Conceptual","Applied","Conceptual","Applied",5,5.90536184805457,6,3.33333333333333,4.66666666666667,3.2,0,1,3.85714285714286,3
"141","Conceptual","Conceptual","Conceptual","Conceptual",3,3.61091791264422,4,4.66666666666667,3.66666666666667,3,0,0,3.42857142857143,0
"142","Conceptual","Conceptual","Conceptual","Conceptual",5,5.63478960316925,6,3.33333333333333,4.33333333333333,2.2,1,1,4,2
"143","Applied","Applied","Applied","Applied",3,3.3322045101752,NA,4,5,5,0,1,4.28571428571429,12
"144","Applied",NA,"Applied",NA,4,5.13579843705026,4,4,4.33333333333333,5,1,0,3.14285714285714,1
"145","Applied","Applied","Applied","Applied",2,3.40119738166216,3,4,4,3.6,0,1,3.57142857142857,5
"146","Applied","Applied","Applied","Applied",6,6.73696695800186,7,2.66666666666667,5,4.8,0,1,4.14285714285714,6
"147","Applied","Applied","Applied","Applied",3,4.9416424226093,6,2.33333333333333,5,4.4,0,1,4.71428571428571,5
"148","None","Conceptual","None","Conceptual",3,4.38202663467388,7,2.66666666666667,4.5,4.4,0,1,3.14285714285714,1
"149","Applied","Applied","Applied","Applied",4,4.67282883446191,7,4,3.5,4.2,0,1,5,6
"150","Conceptual","Conceptual","Conceptual","Conceptual",1,4.99721227376411,7,2.66666666666667,3.66666666666667,2.6,0,0,3.85714285714286,5
"151","Conceptual","Conceptual","Conceptual","Conceptual",5,4.18965474202643,6,4.33333333333333,4.5,4,1,1,4.14285714285714,7
"152","Applied","Applied","Applied","Applied",5,7.18538701558042,7,3,4.33333333333333,3.4,0,1,3.85714285714286,7
"153","Applied","None","Applied","None",4,4.54329478227,4,3,4.66666666666667,4.6,1,1,3.57142857142857,4
"154","Applied",NA,"Applied",NA,6,8.51719319141624,6,3.33333333333333,4.33333333333333,5,0,1,3.71428571428571,2
"155","Applied","Applied","Applied","Applied",5,5.40267738187228,5,2,5,4.8,1,1,4.14285714285714,8
"156","Applied","Applied","Applied","Applied",2,2.70805020110221,3,4.33333333333333,5,5,1,0,4.14285714285714,1
"157","None","None","None","None",5,5.56068163101553,6,2,3.33333333333333,1,1,1,2.71428571428571,3
"158","Conceptual","Conceptual","Conceptual","Conceptual",2,3.91202300542815,4,4.33333333333333,4.66666666666667,4.2,1,1,3,2
"159","Applied","Applied","Applied","Applied",5,5.56068163101553,3,3,5,5,1,0,4.14285714285714,3
"160","Applied","Applied","Applied","Applied",3,4.90527477843843,7,5,5,4.4,0,0,4.14285714285714,9
"161","None","None","None","None",5,5.31320597904179,6,4.66666666666667,4.5,4.2,0,1,3.85714285714286,2
"162","Applied","Applied","Applied","Applied",2,2.99573227355399,5,4,5,4,1,0,4.57142857142857,1
"163","Conceptual",NA,"Conceptual",NA,2,2.86220088092947,7,4,3.66666666666667,3.6,0,0,2.83333333333333,2
"164","Applied","Applied","Applied","Applied",4,5.08759633523238,3,3.66666666666667,3.66666666666667,3.6,NA,0,4.42857142857143,5
"165","Applied","Applied","Applied","Applied",3,4.0943445622221,4,3.66666666666667,3.66666666666667,4,0,1,3.14285714285714,4
"166","Conceptual","Conceptual","Conceptual","Conceptual",3,3.91202300542815,7,3.33333333333333,4.66666666666667,3.2,0,1,4.71428571428571,4
"167","Conceptual","Conceptual","Conceptual","Conceptual",2,2.89037175789616,2,3.66666666666667,3,2.6,1,0,3.71428571428571,2
"168","Conceptual","None","Conceptual","None",2,2.99573227355399,5,2.66666666666667,3.66666666666667,3.2,0,1,3.57142857142857,3
"169","Applied",NA,"Applied",NA,4,4.70048036579242,6,5,5,4.4,1,0,3.28571428571429,3
"170","None","None","None","None",3,6.13122648948314,6,3,4.33333333333333,3.75,0,1,2.33333333333333,2
"171","Conceptual","Conceptual","Conceptual","Conceptual",5,7.74066440191724,7,5,4,4.8,0,1,3.71428571428571,3
"172","Conceptual","Conceptual","Conceptual","Conceptual",5,5.10594547390058,4,4.66666666666667,4.83333333333333,4.2,1,0,3.71428571428571,7
"173","Applied","None","Applied","None",5,6.19440539110467,6,4.33333333333333,5,3,0,1,3.14285714285714,2
"174","None","Conceptual","None","Conceptual",6,5.73657229747919,6,5,4.33333333333333,4.8,0,1,4.28571428571429,5
"175","Applied","Applied","Applied","Applied",5,5.13579843705026,6,3.66666666666667,4.5,5,1,0,4.57142857142857,2
"176","Conceptual",NA,"Conceptual",NA,NA,7.82404601085629,6,2.33333333333333,4.83333333333333,4.4,1,0,2.85714285714286,3
"177","Applied","Applied","Applied","Applied",2,3.17805383034795,2,3.66666666666667,5,3.4,1,1,2.85714285714286,3
"178","Applied","Applied","Applied","Applied",1,1.79175946922805,5,4,3.33333333333333,2.6,NA,1,3.85714285714286,4
"179","Conceptual","Conceptual","Conceptual","Conceptual",4,7.22620901010067,6,4.33333333333333,4.5,4.6,0,1,4.14285714285714,6
"180","Applied","Applied","Applied","Applied",4,4.74493212836325,7,4,5,4.4,0,1,4.28571428571429,13
"181","Conceptual",NA,"Conceptual",NA,2,3.46573590279973,3,NA,5,5,1,0,3.28571428571429,3
"182","Conceptual","None","Conceptual","None",3,4.24849524204936,6,2.66666666666667,5,5,0,1,3,1
"183","Applied","Applied","Applied","Applied",1,2.07944154167984,7,3.33333333333333,5,4.2,1,1,3.85714285714286,3
"184","Applied","Applied","Applied","Applied",2,3.3322045101752,3,4,4.83333333333333,3.8,1,1,5,3
"185","Applied","Conceptual","Applied","Conceptual",4,5.04342511691925,6,3,5,5,0,1,4.57142857142857,2
"186","Applied","Applied","Applied","Applied",2,3.55534806148941,6,4.33333333333333,4,3.8,0,1,4.71428571428571,4
"187","None","None","None","None",5,5.22035582507832,7,2.33333333333333,4.5,5,0,1,4.42857142857143,3
"188","None","None","None","None",4,4.17438726989564,5,3.33333333333333,3,3.4,1,1,3.57142857142857,6
"189","None","None","None","None",6,6.90775527898214,6,4.33333333333333,4.66666666666667,2.4,0,0,4,2
"190","Applied","Applied","Applied","Applied",4,3.63758615972639,3,4,3.83333333333333,5,1,1,3.57142857142857,7
"191","Applied","Applied","Applied","Applied",2,2.19722457733622,3,4.33333333333333,4.33333333333333,3.4,0,1,3.85714285714286,4
"192","Applied","Applied","Applied","Applied",4,5.39816270151775,4,4,4,3.6,NA,1,3.57142857142857,9
"193","Applied","Applied","Applied","Applied",2,3.46573590279973,3,3.66666666666667,3,4.5,1,0,3.85714285714286,3
"194","Conceptual","Conceptual","Conceptual","Conceptual",1,2.01490302054226,6,4,3.33333333333333,3.6,0,1,3.57142857142857,5
"195","Conceptual",NA,"Conceptual",NA,6,7.37775890822787,4,4.33333333333333,4.66666666666667,3.2,0,0,4.71428571428571,0
"196","Conceptual","None","Conceptual","None",5,5.54517744447956,5,5,4.83333333333333,5,0,1,3.71428571428571,5
"197","Applied","Applied","Applied","Applied",2,2.99573227355399,3,4.33333333333333,3.33333333333333,3.8,1,1,4.57142857142857,3
"198","Conceptual","None","Conceptual","None",NA,3.68887945411394,5,5,4.83333333333333,3.8,0,1,2.66666666666667,5
"199","Applied","Conceptual","Applied","Conceptual",3,4.07753744390572,6,3.66666666666667,5,4,0,1,4,4
"200","Conceptual","Conceptual","Conceptual","Conceptual",3,2.99573227355399,5,3,5,5,0,1,4.14285714285714,4
"201","Conceptual","Conceptual","Conceptual","Conceptual",4,6.04025471127741,5,NA,NA,NA,0,1,3,5
"202","None","None","None","None",2,2.30258509299405,4,NA,4.66666666666667,NA,0,1,3.42857142857143,2
"203","Conceptual","Conceptual","Conceptual","Conceptual",2,2.94443897916644,3,4,4.5,4.2,1,0,3.71428571428571,9
"204","Applied","Applied","Applied","Applied",4,5.56068163101553,6,5,3,3,1,1,4.14285714285714,4
"205","Applied","Applied","Applied","Applied",2,3.91202300542815,5,5,5,5,1,1,3.14285714285714,4
"206","Applied","Applied","Applied","Applied",1,3.68887945411394,4,4,3.25,5,0,1,3.42857142857143,3
"207","Applied","Applied","Applied","Applied",3,7.4265490723973,6,3.66666666666667,4.66666666666667,4,0,1,3.71428571428571,9
"208","Applied","Applied","Applied","Applied",4,3.61091791264422,1,3,3.8,3.2,1,0,1.85714285714286,2
"209","Applied","None","Applied","None",2,2.30258509299405,2,1,3.33333333333333,2.6,1,1,2.71428571428571,2
"210","None","None","None","None",6,6.49223983502047,6,2.66666666666667,4.66666666666667,4,0,0,3,3
"211","Applied","Applied","Applied","Applied",2,2.89037175789616,6,5,3.83333333333333,4.6,0,0,3.71428571428571,2
"212","None","None","None","None",4,4.9416424226093,3,1,3.16666666666667,1.4,1,0,1.14285714285714,1
"213","Conceptual","Conceptual","Conceptual","Conceptual",3,3.95124371858143,3,3.66666666666667,4.16666666666667,4.8,0,1,5,2
"214","Conceptual","Conceptual","Conceptual","Conceptual",1,2.01490302054226,6,2.66666666666667,4,3.4,1,0,3.5,1
"215","None","None","None","None",6,6.9782137426307,6,2.66666666666667,4.5,2.6,1,0,4,2
"216","Applied","Conceptual","Applied","Conceptual",1,2.94443897916644,5,4.33333333333333,3.83333333333333,5,0,1,4.57142857142857,4
"217","Conceptual","Conceptual","Conceptual","Conceptual",6,4.82028156560504,6,NA,3.83333333333333,3.8,0,1,3.85714285714286,3
"218","Applied","None","Applied","None",3,2.77258872223978,6,3.33333333333333,4,2.2,0,1,2.42857142857143,5
"219","Conceptual","Conceptual","Conceptual","Conceptual",5,6.8351845861473,6,2.66666666666667,4.83333333333333,4.2,0,1,3.57142857142857,5
"220",NA,NA,NA,NA,1,2.30258509299405,1,5,5,NA,1,0,NA,3
"221","Conceptual","None","Conceptual","None",3,3.68887945411394,7,2,1.66666666666667,3.4,NA,1,2.16666666666667,2
"222","Conceptual",NA,"Conceptual",NA,1,1.6094379124341,3,3,4.66666666666667,5,1,0,3.85714285714286,2
"223","Applied","Applied","Applied","Applied",1,3.6609942506244,4,3.66666666666667,3.33333333333333,3.6,1,1,3.71428571428571,6
"224","Conceptual","Conceptual","Conceptual","Conceptual",1,2.19722457733622,4,3,4.5,3.4,1,1,3,0
"225","Applied",NA,"Applied",NA,1,1.38629436111989,7,3,1.33333333333333,3,1,1,3.14285714285714,3
"226","Applied",NA,"Applied",NA,6,4.27666611901606,7,5,4.5,2.8,NA,1,3.85714285714286,9
"227","Applied","Applied","Applied","Applied",2,3.61091791264422,7,3.66666666666667,4.66666666666667,3.8,0,1,4,4
"228","Conceptual","Conceptual","Conceptual","Conceptual",2,2.63905732961526,7,3,5,5,1,1,3.57142857142857,1
"229","None","None","None","None",1,3.3322045101752,6,1.66666666666667,4.66666666666667,3.8,0,1,2.85714285714286,4
"230","Applied","Conceptual","Applied","Conceptual",6,3.61091791264422,4,4.33333333333333,4,4,0,0,3.5,4
"231","Applied",NA,"Applied",NA,NA,3.55534806148941,4,5,4.66666666666667,5,1,0,4.28571428571429,6
"232","Applied","Applied","Applied","Applied",1,2.30258509299405,6,5,5,4.6,0,1,4.57142857142857,4
"233","Conceptual",NA,"Conceptual",NA,2,2.4423470353692,3,3,2.66666666666667,4,0,1,3,2
"234","Applied",NA,"Applied",NA,3,4.26267987704132,5,4.66666666666667,3.66666666666667,2,1,1,3,2
"235","Applied","Applied","Applied","Applied",5,5.54126354515843,6,3.33333333333333,4.5,4.4,1,1,3.71428571428571,7
"236","Conceptual","Conceptual","Conceptual","Conceptual",4,5.19295685089021,4,2.66666666666667,4.66666666666667,4,1,1,3.14285714285714,2
"237","Applied","Applied","Applied","Applied",4,5.34710753071747,7,5,4.33333333333333,4.2,0,1,4,5
"238","Applied","Applied","Applied","Applied",5,5.4380793089232,7,5,4,4.4,0,1,4.42857142857143,7
"239","None","None","None","None",2,3.46573590279973,4,5,4.33333333333333,4.2,1,0,2.71428571428571,2
"240","Conceptual","Applied","Conceptual","Applied",2,4.18965474202643,4,4,4.5,5,0,1,3.42857142857143,2
"241","None","None","None","None",1,1.6094379124341,4,3.33333333333333,4.16666666666667,3.6,0,1,3.14285714285714,2
"242","None","None","None","None",2,3.68887945411394,4,3,2.33333333333333,1.8,1,0,2.28571428571429,1
"243","None",NA,"None",NA,4,4.35670882668959,6,4.33333333333333,4.4,4.4,0,0,3,2
"244","Conceptual","Conceptual","Conceptual","Conceptual",4,4.88280192258637,4,2,3.66666666666667,2.8,0,1,3.57142857142857,2
"245","Applied",NA,"Applied",NA,5,5.78996017089725,4,5,5,5,0,1,4.28571428571429,3
"246","Applied","Applied","Applied","Applied",3,4.47733681447821,4,3.33333333333333,4.33333333333333,3.6,0,1,3.14285714285714,9
"247","Applied","Applied","Applied","Applied",2,2.70805020110221,5,3,4.33333333333333,3.6,0,1,5,6
"248","None","None","None","None",3,5.29831736654804,4,2,4.33333333333333,1.4,0,1,3.71428571428571,3
"249","Applied","None","Applied","None",4,4.49423862528081,6,4.66666666666667,4.33333333333333,3.6,0,1,3.71428571428571,3
"250","None","None","None","None",3,4.89783979995091,4,3.33333333333333,4,4.2,1,0,4.14285714285714,4
"251","Conceptual","Conceptual","Conceptual","Conceptual",2,2.91235066461494,6,5,5,5,0,1,5,5
"252","Applied","Applied","Applied","Applied",4,4.76217393479776,6,4,3,3,1,0,5,2
"253","Conceptual","Applied","Conceptual","Applied",2,2.56494935746154,7,3.33333333333333,4.66666666666667,3.4,0,1,3.28571428571429,5
"254","Conceptual","None","Conceptual","None",1,2.07944154167984,7,2.66666666666667,3.16666666666667,1.4,0,1,3.85714285714286,3
"255","Applied","Applied","Applied","Applied",1,3.13549421592915,5,4,3.8,4,1,0,3.28571428571429,10
"256","Conceptual","Conceptual","Conceptual","Conceptual",2,3.63758615972639,7,4.33333333333333,5,5,0,1,4.42857142857143,5
"257","Conceptual",NA,"Conceptual",NA,6,5.85793315448346,3,3,5,5,0,1,2.85714285714286,6
"258","None","None","None","None",2,3.68887945411394,5,4,4.33333333333333,1.4,1,0,1.14285714285714,4
"259","Applied","Applied","Applied","Applied",2,3.61091791264422,5,3.66666666666667,4.5,3.6,0,1,4.14285714285714,1
"260","Conceptual","Conceptual","Conceptual","Conceptual",3,3.68887945411394,4,3.66666666666667,2.83333333333333,4,NA,1,2.85714285714286,3
"261","Conceptual",NA,"Conceptual",NA,NA,5.85793315448346,6,4.33333333333333,4.66666666666667,4.2,1,0,3.42857142857143,6
"262","Conceptual",NA,"Conceptual",NA,4,4.31748811353631,4,NA,4,4,1,1,2.28571428571429,3
"263","None","None","None","None",1,2.01490302054226,5,NA,5,5,1,1,1,3
"264","Conceptual","Conceptual","Conceptual","Conceptual",1,2.07944154167984,6,2.33333333333333,3.33333333333333,3.2,0,0,2.57142857142857,7
"265","Conceptual","Conceptual","Conceptual","Conceptual",4,4.63472898822964,7,3,4.66666666666667,3,0,1,3.28571428571429,2
"266","Applied","Applied","Applied","Applied",1,2.07944154167984,4,4.33333333333333,1.33333333333333,4.2,0,0,2.14285714285714,0
"267","None","None","None","None",1,2.89037175789616,4,3.66666666666667,4.16666666666667,4,1,0,2.57142857142857,3
"268","Applied",NA,"Applied",NA,3,3.68887945411394,6,1,4,4,1,1,4.57142857142857,9
"269","None","None","None","None",1,2.484906649788,7,1.66666666666667,2.4,5,0,1,2.71428571428571,2
"270","None","None","None","None",1,2.07944154167984,6,3,4,2.8,0,0,1.42857142857143,3
"271","Applied","Applied","Applied","Applied",1,1.38629436111989,4,4,4.16666666666667,3.8,0,1,4.42857142857143,3
"272","None","None","None","None",4,5.32300997913841,4,2.33333333333333,4.66666666666667,2.8,0,1,3.14285714285714,2
"273","Applied","Applied","Applied","Applied",3,4.14313472639153,7,2.66666666666667,5,4.6,1,1,3.85714285714286,5
"274","Applied",NA,"Applied",NA,2,2.99573227355399,7,5,4.33333333333333,1.4,0,0,3.85714285714286,3
"275","None","None","None","None",3,3.17805383034795,6,3,4.66666666666667,1.4,1,0,3.42857142857143,4
"276","Conceptual","Conceptual","Conceptual","Conceptual",3,3.85014760171006,7,4,4.83333333333333,4.8,1,0,3.42857142857143,5
"277","None","None","None","None",1,2.99573227355399,3,5,3,3,1,1,2.85714285714286,15
"278","Applied","Applied","Applied","Applied",3,3.91202300542815,6,5,NA,NA,0,0,3.14285714285714,9
"279","Conceptual",NA,"Conceptual",NA,2,3.2188758248682,7,4.33333333333333,3,4,1,0,3.85714285714286,4
"280","None","None","None","None",1,2.63905732961526,7,3,5,2.2,0,1,3.28571428571429,4
"281","Applied","Applied","Applied","Applied",3,3.61091791264422,5,5,4,3.2,1,0,3.85714285714286,1
"282","Applied","Applied","Applied","Applied",3,5.20948615284142,3,2.33333333333333,4.8,1,1,0,3.14285714285714,3
"283","None","None","None","None",NA,4.44265125649032,4,4,4.33333333333333,4.8,1,1,4,4
"284","None","Conceptual","None","Applied",3,4.27666611901606,3,3.33333333333333,4.5,3.6,NA,0,3.28571428571429,8
"285","Applied",NA,"Applied",NA,2,2.91777073208428,4,NA,5,4,NA,0,3.14285714285714,1
"286","None","None","None","None",NA,2.70805020110221,4,5,4.5,4.8,1,0,4.28571428571429,2
"287","Conceptual","Conceptual","Conceptual","Conceptual",4,3.40119738166216,7,3.66666666666667,4.66666666666667,3.75,1,0,3.85714285714286,3
"288","Applied","Applied","Applied","Applied",4,3.2188758248682,3,NA,5,5,1,0,3.83333333333333,2
"289","Conceptual","Conceptual","Conceptual","Conceptual",NA,2.70805020110221,7,5,4.5,4.8,NA,0,3.14285714285714,7
"290","Conceptual","Conceptual","Conceptual","Conceptual",2,3.40119738166216,7,4,4,4.8,1,1,3.71428571428571,7
"291","None","None","None","None",NA,2.89037175789616,6,1.66666666666667,2.33333333333333,1.8,0,1,3.14285714285714,3
"292","None","None","None","None",3,2.56494935746154,4,3.66666666666667,5,NA,1,1,2.28571428571429,1
"293","Applied","Applied","Applied","Applied",1,2.89037175789616,7,3.66666666666667,5,5,0,1,4,7
"294","Conceptual","Conceptual","Conceptual","Conceptual",2,2.99573227355399,5,3,4.66666666666667,5,1,0,5,3
"295","Applied",NA,"Applied",NA,3,3.78418963391826,2,1,4,3.8,1,0,3.57142857142857,5
"296","Conceptual","Applied","Conceptual","Applied",2,3.8286413964891,4,3.66666666666667,4.2,4.8,1,0,4.28571428571429,5
"297","None","None","None","None",1,2.89037175789616,6,2.66666666666667,NA,NA,NA,0,1.66666666666667,0
"298","Applied","Applied","Applied","Applied",6,6.87212810133899,6,3.66666666666667,4.33333333333333,4.2,NA,1,3.14285714285714,3
"299","None","None","None","None",1,4.24849524204936,6,3,4.66666666666667,4.4,0,1,4.28571428571429,3
"300","Conceptual","None","Conceptual","None",4,3.93182563272433,3,4,3.66666666666667,4.4,1,1,4,3
"301","Applied","Applied","Applied","Applied",3,2.99573227355399,4,3.66666666666667,4.66666666666667,4.6,1,0,3.28571428571429,4
"302","Conceptual","Conceptual","Conceptual","Conceptual",2,2.70805020110221,3,5,5,5,1,1,4.28571428571429,2
"303","Conceptual","None","Conceptual","None",NA,4.50976000118343,6,3.33333333333333,5,5,1,1,3.71428571428571,5
"304","Conceptual","Conceptual","Conceptual","Conceptual",4,4.60517018598809,4,3,5,5,1,1,3.42857142857143,9
"305","Conceptual","Conceptual","Conceptual","Conceptual",2,2.77258872223978,3,5,5,5,1,0,3.71428571428571,2
"306","Conceptual","Conceptual","Conceptual","Conceptual",1,2.30258509299405,6,2.33333333333333,5,NA,1,1,3.42857142857143,4
"307","Conceptual","None","Conceptual","None",5,5.13579843705026,7,3,4.5,4.2,1,0,1.71428571428571,4
"308","Conceptual","Conceptual","Conceptual","Conceptual",4,3.63758615972639,2,5,5,5,0,0,3.42857142857143,3
"309","Conceptual","None","Conceptual","None",6,9.13776967914135,7,4.66666666666667,4,5,0,1,3.85714285714286,6
"310","Conceptual","Conceptual","Conceptual","Conceptual",1,1.6094379124341,4,NA,2.5,2.6,0,0,3,2
"311","Applied","Applied","Applied","Applied",2,7.3132203870903,6,3.66666666666667,4.5,3.6,0,1,3.85714285714286,6
"312","Applied","Applied","Applied","Applied",2,3.09104245335832,5,4.33333333333333,3.66666666666667,3.6,1,0,4.85714285714286,3
"313","Conceptual","Conceptual","Conceptual","Conceptual",4,3.63758615972639,7,3,4,2.2,0,1,3.57142857142857,3
"314","Applied","Applied","Applied","Applied",1,2.89037175789616,3,5,5,5,0,1,4.14285714285714,2
"315","Conceptual","Conceptual","Conceptual","Conceptual",4,3.61091791264422,6,4,3.5,4,1,0,4.28571428571429,7
"316",NA,"Applied",NA,"Applied",3,2.89037175789616,3,4.33333333333333,2.33333333333333,5,1,0,5,6
"317","Applied","Applied","Applied","Applied",1,2.91777073208428,4,4.66666666666667,3.83333333333333,5,0,1,4.57142857142857,10
"318","None","None","None","None",6,7.3132203870903,7,5,5,5,0,1,5,4
"319","Conceptual","Conceptual","Conceptual","Conceptual",2,3.2188758248682,6,3,4.66666666666667,4.6,1,0,3.71428571428571,3
"320","Applied","None","Applied","None",3,4.17438726989564,2,4.33333333333333,4.83333333333333,4,1,1,4.14285714285714,10
"321","Conceptual","Conceptual","Conceptual","Conceptual",NA,5.07517381523383,6,3,4.83333333333333,4.6,1,1,3.42857142857143,5
"322","Applied","None","Applied","None",4,5.13579843705026,7,3,4.16666666666667,3.4,0,0,3.14285714285714,4
"323","Conceptual","None","Conceptual","None",3,4.78749174278205,6,4,4.83333333333333,5,1,0,3.57142857142857,2
"324","Applied",NA,"Applied",NA,4,5.07517381523383,7,5,4.5,4.75,1,0,3.28571428571429,13
"325","Applied","None","Applied","None",4,5.07517381523383,3,2.66666666666667,4.5,3.25,0,0,4.28571428571429,6
"326","Applied",NA,"Applied",NA,3,3.68887945411394,4,3.66666666666667,5,4.2,1,0,3.71428571428571,2
"327","Applied","Applied","Applied","Applied",2,3.62434093297637,4,5,5,5,NA,1,3,6
"328","Conceptual","Conceptual","Conceptual","Conceptual",2,2.89037175789616,5,5,5,5,1,1,4.57142857142857,12
"329","Applied","Applied","Applied","Applied",5,3.93182563272433,4,5,5,5,1,1,5,3
"330","Conceptual","None","Conceptual","None",4,2.89037175789616,7,3.33333333333333,4.33333333333333,3.6,1,0,3.85714285714286,5
"331","Applied","Applied","Applied","Applied",6,6.1779441140506,6,5,NA,NA,0,1,4.57142857142857,11
"332","None","None","None","None",1,0.693147180559945,4,5,4.33333333333333,4,0,0,3.85714285714286,1
"333","Applied","Applied","Applied","Applied",4,4.44265125649032,4,3.33333333333333,4.5,4,1,1,3.71428571428571,3
"334","Applied","Applied","Applied","Applied",5,5.11799381241676,5,4,4.5,4.6,0,1,4,7
"335","Applied","Applied","Applied","Applied",3,4.0943445622221,6,3.33333333333333,5,4.4,1,0,4.83333333333333,7
"336","Conceptual","None","Conceptual","None",2,2.63905732961526,6,5,5,5,1,1,4.14285714285714,5
"337","None","None","None","None",4,3.55534806148941,4,3,4,3.8,1,1,2.85714285714286,5
"338",NA,NA,NA,NA,NA,4.44265125649032,NA,3,4.5,4.2,NA,1,3.71428571428571,5
"339","Applied","Applied","Applied","Applied",1,3.68887945411394,4,4,3.25,5,0,1,3.42857142857143,3
"340","Conceptual","None","Conceptual","None",3,7.51752085060303,6,3.33333333333333,4.66666666666667,4,0,1,3.57142857142857,10
"341","Conceptual","Conceptual","Conceptual","Conceptual",3,3.61091791264422,4,4,4.66666666666667,4.2,0,1,4,4
"342","Conceptual","Applied","Conceptual","Applied",NA,4.8283137373023,4,2,4.33333333333333,3.4,1,0,4.14285714285714,15
"343","Conceptual","Conceptual","Conceptual","Conceptual",4,4.31748811353631,7,3,4.83333333333333,4.4,1,1,4.57142857142857,4
"344","None","None","None","None",NA,5.7037824746562,1,3,4.5,5,1,1,2.85714285714286,2
"345","None","None","None","None",3,5.39362754635236,5,2.33333333333333,4,3.2,1,1,1.85714285714286,3
"346","None","None","None","None",4,3.42100000895834,6,3.66666666666667,4.66666666666667,3.4,0,1,2.85714285714286,3
"347","None","None","None","None",4,6.90775527898214,4,4.33333333333333,1,1,0,0,3,1
"348","Applied","Applied","Applied","Applied",1,4.26689632742025,6,3.66666666666667,3.66666666666667,4.75,0,0,3.71428571428571,6
"349","None","None","None","None",6,8.6438258423496,6,2.33333333333333,4.66666666666667,3.4,0,1,2.71428571428571,2
"350","Applied","Applied","Applied","Applied",2,2.30258509299405,4,4,5,5,0,1,4.42857142857143,7
"351","Conceptual","Conceptual","Conceptual","Conceptual",4,7.45818615734049,6,4.33333333333333,4.66666666666667,3.2,0,1,1.71428571428571,2
"352","Applied","Applied","Applied","Applied",1,1.6094379124341,3,5,4.5,5,0,1,4.57142857142857,1
"353","None","None","None","None",2,1.38629436111989,5,NA,NA,NA,0,1,3.14285714285714,3
"354","None","Applied","None","Applied",4,4.04305126783455,6,2.66666666666667,4.5,4.2,1,1,2.71428571428571,3
"355","Applied","Applied","Applied","Applied",NA,5.19849703126583,6,NA,3.66666666666667,NA,1,0,4.85714285714286,3
"356","Conceptual","Conceptual","Conceptual","Conceptual",3,3.55534806148941,6,5,4.66666666666667,3.6,0,0,1.85714285714286,4
"357","None","None","None","None",5,5.01063529409626,6,3.33333333333333,4.83333333333333,1.6,0,1,3.42857142857143,3
"358","Conceptual","None","Conceptual","None",3,7.27931883541462,4,NA,NA,NA,0,1,3.71428571428571,7
"359","Applied","Applied","Applied","Applied",NA,0.693147180559945,6,4.5,4.33333333333333,4,1,1,4,3
"360","Conceptual","Conceptual","Conceptual","Conceptual",NA,1.79175946922805,6,3.66666666666667,5,4.75,1,0,4.85714285714286,5
"361","Applied","Applied","Applied","Applied",2,2.77258872223978,7,4.66666666666667,4,4.2,1,1,2.71428571428571,5
"362","Conceptual","Conceptual","Conceptual","Conceptual",5,5.27299955856375,6,4,4.33333333333333,3.6,0,1,3.28571428571429,5
"363","Applied","Conceptual","Applied","Conceptual",3,5.01063529409626,7,3,4.5,3.2,0,1,4.71428571428571,2
"364","Conceptual","Conceptual","Conceptual","Conceptual",6,5.89715386763674,6,3.66666666666667,4.33333333333333,1,0,1,4.42857142857143,8
"365","Applied","Applied","Applied","Applied",6,5.78382518232974,6,3,4.16666666666667,3.8,1,1,3.42857142857143,2
"366","Applied","Applied","Applied","Applied",1,1.50407739677627,3,4,5,5,0,0,4.57142857142857,2
"367","Applied","Applied","Applied","Applied",2,3.51452606696916,3,4,4.5,4.8,0,1,3.57142857142857,6
"368","None","None","None","None",1,2.31253542384721,4,3,3.66666666666667,3.4,0,1,2.85714285714286,0
"369",NA,NA,NA,NA,1,1.50407739677627,4,4,4.33333333333333,4.2,0,0,3,1
"370","None","None","None","None",1,3.44998754583159,4,3,NA,NA,0,0,3.28571428571429,0
"371","Applied","Applied","Applied","Applied",6,6.08221891037645,7,3.33333333333333,4.66666666666667,4,0,1,4.28571428571429,6
"372","Conceptual","Conceptual","Conceptual","Conceptual",4,4.19569705648239,7,3,5,5,1,1,1.71428571428571,3
"373","Applied",NA,"Applied",NA,4,4.68120487226409,5,4,4.66666666666667,4.2,1,0,2,2
"374","Conceptual","None","Conceptual","None",6,6.77121364584074,6,4.33333333333333,4.66666666666667,2.8,0,1,4.28571428571429,4
"375","Conceptual","Conceptual","Conceptual","Conceptual",2,4.18965474202643,3,2.33333333333333,4.4,1.4,0,0,3,1
"376","None","None","None","None",5,6.76573077895272,3,3,4.8,3.6,0,0,3.42857142857143,3
"377","None","None","None","None",5,5.68493938685472,3,2,4.83333333333333,2.2,0,0,4,2
"378","Applied","Applied","Applied","Applied",6,5.96203573641717,6,2.33333333333333,4.16666666666667,4.2,0,1,4,13
"379","None","None","None","None",4,8.06620756800626,6,3.33333333333333,4.16666666666667,3.6,1,1,3,3
"380","Applied","Applied","Applied","Applied",1,6.36302810354046,6,3.33333333333333,4.5,3.8,1,1,2.71428571428571,5
"381","Applied","Applied","Applied","Applied",6,6.67329796776765,6,4,4.83333333333333,3.6,1,1,4,6
"382","Applied","Applied","Applied","Applied",1,5.13579843705026,5,3.66666666666667,3.83333333333333,5,0,1,3.71428571428571,6
"383","None","None","None","None",6,7.09007683577609,5,1,4.5,1.8,0,1,3.42857142857143,0
"384","Applied",NA,"Applied",NA,6,7.3132203870903,4,5,4.5,5,0,1,3.42857142857143,6
"385","Conceptual","Conceptual","Conceptual","Conceptual",5,5.74620319054015,4,4,5,5,1,0,2.83333333333333,4
"386","Applied","Applied","Applied","Applied",6,8.94072085167606,4,4.33333333333333,3.83333333333333,2.6,1,0,3.42857142857143,2
"387","Applied","Applied","Applied","Applied",3,8.06306291132679,5,5,4.66666666666667,4.4,1,0,4.28571428571429,4
"388","None","None","None","None",6,7.90100705199242,6,3,4.5,3,1,0,2.42857142857143,2
"389","Applied","Applied","Applied","Applied",6,8.21608809863232,6,3.66666666666667,4.5,4.2,1,1,3.14285714285714,3
"390","None","None","None","None",3,3.71357206670431,7,3,4.66666666666667,4.6,1,1,1.57142857142857,7
"391",NA,NA,NA,NA,2,5.03043792139244,3,NA,NA,5,1,0,NA,1
"392","None","None","None","None",NA,5.9904640467744,6,2.66666666666667,4.66666666666667,3.4,1,0,2.28571428571429,2
"393","Conceptual","Conceptual","Conceptual","Conceptual",5,6.55250788703459,6,4,3.83333333333333,3.4,0,1,3.28571428571429,4
"394","Conceptual","Conceptual","Conceptual","Conceptual",4,2.89037175789616,5,1,4.83333333333333,3.4,1,0,5,4
"395","Conceptual","Conceptual","Conceptual","Conceptual",2,6.06494732386779,7,3,4.33333333333333,4,1,1,4.28571428571429,4
"396","Applied","Applied","Applied","Applied",NA,5.48230420266105,6,3,5,3.6,1,1,4,5
"397","Applied",NA,"Applied",NA,1,0,3,5,5,3.6,1,1,3.57142857142857,0
"398","Conceptual","Conceptual","Conceptual","Conceptual",1,2.83321334405622,7,1.66666666666667,3.5,3,0,0,4.57142857142857,2
"399","Conceptual","Conceptual","Conceptual","Conceptual",4,5.22682136484297,6,4.33333333333333,4.33333333333333,2.8,0,1,3.57142857142857,1
"400","Applied","Applied","Applied","Applied",6,6.9878595232238,6,4,2,3.6,0,1,4,2
"401","Applied","Applied","Applied","Applied",3,3.93182563272433,5,NA,4.5,NA,0,0,5,1
"402","None","None","None","None",6,9.1204156644482,6,4.33333333333333,3.8,4.2,1,1,3.57142857142857,4
"403","Applied","Applied","Applied","Applied",1,3.49650756146648,7,4.66666666666667,4.66666666666667,3.8,0,1,4.42857142857143,3
"404","Conceptual","Conceptual","Conceptual","Conceptual",2,3.58351893845611,5,4,4.33333333333333,2.4,1,1,3.85714285714286,2
"405","Applied",NA,"Applied",NA,2,2.56494935746154,6,3.66666666666667,3.66666666666667,3.4,0,1,3.85714285714286,1
"406","Applied","Applied","Applied","Applied",2,3.91202300542815,3,3,3.83333333333333,4,1,1,3.28571428571429,8
"407","None",NA,"None",NA,2,3.68887945411394,6,1,NA,NA,NA,1,2.85714285714286,1
"408","Applied","Applied","Applied","Applied",4,4.0943445622221,4,3.66666666666667,4.16666666666667,4.6,1,1,4.71428571428571,4
"409","Conceptual","Conceptual","Applied","Applied",6,6.30991827822652,6,2,4.5,4,1,1,4,5
"410","Conceptual","Conceptual","Conceptual","Conceptual",1,1.94591014905531,5,3,3.33333333333333,3.8,0,1,3.14285714285714,2
"411",NA,NA,NA,NA,2,3.91202300542815,5,4,5,1.2,1,1,NA,2
"412","None","None","None","None",6,5.99146454710798,4,3.33333333333333,4.16666666666667,3.4,1,1,3.57142857142857,2
"413","Applied","Applied","Applied","Applied",NA,4.48863636973214,6,4.66666666666667,4.66666666666667,3.6,0,1,3.57142857142857,5
"414","Applied","Applied","Applied","Applied",5,5.52146091786225,6,4,5,5,0,0,3.71428571428571,2
"415","Conceptual","Conceptual","Conceptual","Conceptual",4,3.87120101090789,4,4.33333333333333,4.4,4.8,0,0,3.85714285714286,4
"416","Conceptual","Conceptual","Conceptual","Conceptual",6,7.43425738213314,6,2.66666666666667,4.66666666666667,3.8,1,1,5,5
"417","Conceptual","Applied","Conceptual","Applied",6,7.09007683577609,4,3.66666666666667,4.16666666666667,3.6,0,1,2.85714285714286,0
"418","Applied",NA,"Applied",NA,6,5.4380793089232,7,3.33333333333333,4.33333333333333,5,1,0,3.71428571428571,3
"419","None","None","None","None",5,4.70048036579242,7,5,5,4.2,1,0,2.71428571428571,2
"420",NA,NA,NA,NA,1,1.38629436111989,6,1,1,1,0,1,NA,0
"421","Applied",NA,"Applied",NA,2,2.89037175789616,7,5,5,5,0,1,3.75,5
"422","Applied",NA,"Applied",NA,NA,5.85793315448346,1,5,5,5,1,0,5,1
"423","None","None","None","None",4,3.2188758248682,4,3,4.66666666666667,3.6,1,0,2.85714285714286,4
"424","None","None","None","None",2,2.99573227355399,7,4.33333333333333,2.83333333333333,2.8,NA,1,3.28571428571429,3
"425","None","None","None","None",5,5.7037824746562,6,3,4.33333333333333,3.2,1,1,3,4
"426",NA,NA,NA,NA,4,3.55534806148941,7,5,5,4.8,0,1,3.28571428571429,2
"427","None","None","None","None",1,3.2188758248682,6,2,NA,NA,0,0,3.42857142857143,0
"428","Applied","Applied","Applied","Applied",3,3.49650756146648,7,5,5,5,NA,1,4,11
"429","Conceptual","Applied","Conceptual","Applied",6,7.09007683577609,4,3.66666666666667,4.16666666666667,3.6,0,1,2.85714285714286,0
"430","Applied","Applied","Applied","Applied",2,5.8664680569333,4,4,4.66666666666667,4,1,1,3.42857142857143,4
"431","None","None","None","None",4,2.01490302054226,4,3,3.83333333333333,2.6,0,0,3.85714285714286,3
"432","Conceptual","None","Conceptual","None",6,7.82404601085629,6,3.66666666666667,5,4.6,0,1,2.42857142857143,2
"433","None",NA,"None",NA,1,2.24070968927596,4,1,NA,5,NA,0,3.14285714285714,1
"434","None","None","None","None",6,6.51129946503156,4,5,5,NA,0,0,2.57142857142857,2
"435","None","None","None","None",6,6.5069791603601,4,2.33333333333333,3.33333333333333,4.75,0,1,3,5
"436","Conceptual","Conceptual","Conceptual","Conceptual",3,1.41098697371026,7,2,3.83333333333333,3.2,0,0,3,1
"437","None","None","None","None",6,8.92034629556848,4,3,4.83333333333333,4.8,1,0,4.14285714285714,11
"438",NA,NA,NA,NA,NA,6.11545052688897,6,2,5,5,1,0,5,5
"439","Applied","Applied","Applied","Applied",4,0,4,5,4.33333333333333,4.2,0,1,3.57142857142857,3
"440","None","None","None","None",6,0,7,4.66666666666667,3.83333333333333,3,0,1,3.14285714285714,3
"441","Applied","Applied","Applied","Applied",2,5.55454747085004,3,3.33333333333333,NA,NA,1,0,2.85714285714286,7
"442","Applied","Applied","Applied","Applied",2,2.96527306606928,7,NA,5,NA,1,1,3.28571428571429,6
"443","Conceptual","Conceptual","Conceptual","Conceptual",1,4.21950770517611,7,3.66666666666667,4,3.8,0,1,3.14285714285714,3
"444",NA,NA,NA,NA,1,3.73766961828337,6,2.66666666666667,2,1,0,1,4.14285714285714,0
"445","Applied","Applied","Applied","Applied",1,1.38629436111989,7,5,5,5,0,1,3.8,11
"446","Conceptual","Conceptual","Conceptual","Conceptual",1,4.79413628550071,3,3.66666666666667,3.5,3.8,0,0,2.85714285714286,0
"447","None","None","None","None",4,4.46705688385846,7,2.33333333333333,4.16666666666667,3.2,1,1,3.42857142857143,3
"448","Conceptual","Conceptual","Conceptual","Conceptual",3,5.58649931404147,6,3,5,4.8,0,0,3.14285714285714,1
"449","Conceptual","Conceptual","Applied","Applied",NA,7.74070787923296,6,3,4.33333333333333,5,1,1,3.57142857142857,3
"450","Applied","Applied","Applied","Applied",1,1.3609765531356,5,4,4.33333333333333,4.6,0,0,3.71428571428571,2
"451","Conceptual","Conceptual","Conceptual","Conceptual",1,2.07944154167984,3,2,4.66666666666667,3.2,0,0,2.85714285714286,5
"452","Applied","Applied","Applied","Applied",1,0.78845736036427,6,3.66666666666667,4.66666666666667,3.2,0,0,3.42857142857143,4
"453","Conceptual","Conceptual","Conceptual","Conceptual",1,1.25276296849537,5,4,4.5,5,0,0,2.71428571428571,3
"454","Conceptual","Conceptual","Conceptual","Conceptual",3,2.61739583283408,3,4,4.66666666666667,4.4,0,0,2.66666666666667,2
"455",NA,"Applied",NA,"Applied",2,2.79728133483015,4,1,5,NA,NA,0,3,3
"456",NA,NA,NA,NA,2,2.78501124223834,2,NA,4,NA,NA,0,3,0
"457","None","None","None","None",NA,2.56494935746154,NA,NA,2,2,NA,0,NA,0
"458","Conceptual",NA,"Conceptual",NA,1,0,3,5,5,NA,1,0,1,1
"459","None","None","None","None",1,1.33500106673234,4,3,4.33333333333333,3,0,0,3,2
"460",NA,NA,NA,NA,1,2.02814824729229,3,NA,4,NA,1,0,4,7
"461","None","None","None","None",1,1.22377543162212,7,3.33333333333333,3.5,4,0,0,2.28571428571429,0
"462","Applied","Applied","Applied","Applied",1,0.405465108108164,4,4,5,5,0,1,3,1
"463","None","None","None","None",4,3.70622809244855,6,3.66666666666667,2.83333333333333,1.8,1,1,3.57142857142857,3
"464","Applied","Applied","Applied","Applied",2,4.10429489307527,4,1,2.83333333333333,1,0,0,3.42857142857143,2
"465","Conceptual",NA,"Conceptual",NA,1,2.17475172148416,7,4.33333333333333,4.33333333333333,3.2,0,0,1.85714285714286,3
"466","Conceptual","None","Conceptual","None",1,3.55534806148941,6,2.33333333333333,3,2.6,1,1,3.71428571428571,2
"467","Conceptual","Conceptual","Conceptual","Conceptual",3,2.85647020622048,3,3,5,4.8,0,0,3.14285714285714,1
"468","Conceptual","Conceptual","Conceptual","Conceptual",5,4.87824610605051,6,3,3.66666666666667,2.8,1,0,3.71428571428571,5
"469","None",NA,"None",NA,1,2.07944154167984,3,2.66666666666667,NA,NA,0,0,2.71428571428571,0
"470","None","None","None","None",4,2.73436750941958,7,5,3.8,1,1,0,2.57142857142857,2
"471","Conceptual","Conceptual","Conceptual","Conceptual",3,6.01493690329312,3,3,5,4.8,0,0,3.14285714285714,1
"472","Applied","Applied","Applied","Applied",1,2.91777073208428,3,3,3.33333333333333,3,0,0,3,0
"473","Conceptual","Conceptual","Conceptual","Conceptual",3,2.84490938381941,3,2,4,3.4,0,0,3.85714285714286,5
"474","Conceptual",NA,"Conceptual",NA,1,3.42426265459315,NA,5,4,5,NA,1,3.28571428571429,1
"475","Conceptual","Conceptual","Conceptual","Conceptual",2,0.693147180559945,4,5,4.33333333333333,5,1,0,3.42857142857143,2
"476","None","None","None","None",4,3.13549421592915,6,1,4.16666666666667,5,1,0,2.71428571428571,5
"477","Conceptual",NA,"Conceptual",NA,1,1.38629436111989,4,3,4,5,0,0,3.42857142857143,0
"478","Conceptual",NA,"Conceptual",NA,3,3.63758615972639,3,3,4.5,3.6,1,0,2.57142857142857,2
"479","Applied","Applied","Applied","Applied",2,3.80666248977032,6,3,4.66666666666667,4,0,1,3.42857142857143,3
"480","Conceptual","Conceptual","Conceptual","Conceptual",2,2.77258872223978,5,3,4.66666666666667,4.6,0,0,3,1
"481","Applied",NA,"Applied",NA,6,6.96072716374824,3,2.66666666666667,4.16666666666667,3.6,1,1,2.42857142857143,1
"482",NA,NA,NA,NA,1,2.11625551480255,2,NA,2.33333333333333,5,1,1,3.42857142857143,2
"483","None","None","None","None",NA,3.04927304048202,7,2,4,2.8,0,0,3,1
"484",NA,"Conceptual",NA,"Conceptual",1,3.65065824129374,5,5,5,5,0,0,4,0
"485","Applied",NA,"Applied",NA,1,2.77258872223978,3,3,4.66666666666667,5,1,1,3,5
"486","None","None","None","None",2,4.00733318523247,7,2.66666666666667,4.16666666666667,2.6,0,0,3.71428571428571,0
"487",NA,NA,NA,NA,1,2.30258509299405,3,NA,NA,NA,0,0,3.71428571428571,0
"488","None","None","None","None",3,3.45315712059287,3,2.33333333333333,1,1,0,0,3,6
"489","None","None","None","None",1,2.2512917986065,6,4,NA,NA,0,0,3.42857142857143,0
"490","Applied","Applied","Applied","Applied",1,3.82428409112014,6,4,5,NA,0,0,3.85714285714286,0
"491","None","None","None","None",3,6.33310199246998,7,1.66666666666667,4,1,0,1,4.42857142857143,3
"492","None","None","None","None",1,2.07944154167984,4,1,1,1,0,0,3,0
"493","None","None","None","None",2,3.09104245335832,5,3,1,1,0,1,2.71428571428571,0
"494","Applied","Applied","Applied","Applied",1,4.37952350445576,3,3,5,5,1,0,1,13
"495",NA,NA,NA,NA,1,3.3357695763397,4,NA,4.16666666666667,4.5,0,1,4,1
"496","None","None","None","None",1,3.59731226058845,2,5,4.2,1.6,0,0,3,3
"497","Conceptual","Applied","Conceptual","Applied",NA,5.84614971594312,6,2,3.83333333333333,2.8,0,1,3.57142857142857,4
"498","Conceptual","Conceptual","Conceptual","Conceptual",NA,0.832909122935104,6,2.33333333333333,4.16666666666667,5,0,0,3.42857142857143,3
"499","None","None","None","None",1,1.06471073699243,3,1,1,3.4,0,0,3,0
"500","Conceptual","Applied","Applied","Applied",1,2.77881927199042,6,4,4.33333333333333,4.2,0,1,3,1
"501","Applied","Applied","Applied","Applied",3,3.4626060097908,6,2,4.66666666666667,1.4,0,0,3,3
"502","Applied","Applied","Applied","Applied",2,4.71043069664558,6,NA,4,NA,1,1,4.14285714285714,2
"503",NA,NA,NA,NA,1,2.29253475714054,4,NA,1,1,0,0,3,0
"504","Applied","Conceptual","Applied","Conceptual",1,3.03495298670727,7,3.33333333333333,4.16666666666667,4.4,0,1,4.57142857142857,3
"505","Conceptual","Conceptual","Conceptual","Conceptual",1,2.31253542384721,4,4,4.83333333333333,5,0,0,3.42857142857143,0
"506",NA,NA,NA,NA,1,3.85014760171006,6,NA,NA,NA,NA,0,NA,6
"507","None","None","None","None",1,2.50959926237837,4,4,2,3.4,0,0,3.71428571428571,0
"508","None","None","None","None",1,0,5,3,1,2.2,0,0,3.66666666666667,1
"509",NA,NA,NA,NA,2,2.70805020110221,4,2.66666666666667,4.5,4,0,0,3,1
"510","Conceptual","Conceptual","Conceptual","Conceptual",1,5.0166173657738,6,4.66666666666667,4.5,4.8,0,1,3.57142857142857,2
"511","Applied","Applied","Applied","Applied",1,6.50703887789618,6,3,4.16666666666667,3,0,1,3.85714285714286,4
"512",NA,NA,NA,NA,1,3.29583686600433,4,5,5,5,NA,1,3,5
"513","Applied","Applied","Applied","Applied",5,3.61899332664977,4,4,4.66666666666667,4.4,0,1,3,9
"514",NA,NA,NA,NA,NA,2.27212588550934,3,2,1,1,NA,0,3,0
"515","None","None","None","None",1,2.83321334405622,3,NA,1,1,0,0,2.71428571428571,1
"516","None","Conceptual","None","Conceptual",1,2.45958884180371,3,3,3,4,0,0,2.14285714285714,2
"517","Applied","Applied","Applied","Applied",1,2.77258872223978,4,5,4,4,0,0,4.14285714285714,0
"518",NA,NA,NA,NA,2,2.56340971127594,4,NA,NA,NA,NA,0,NA,0
"519","None","None","None","None",2,4.89485026110255,6,3,3.66666666666667,4.2,0,1,3,3
"520","Conceptual","Conceptual","Conceptual","Conceptual",NA,2.30258509299405,5,3,3.66666666666667,2.8,0,1,2.85714285714286,2
"521","Conceptual","Conceptual","Conceptual","Conceptual",6,7.32646561384032,6,3,4.5,4.4,0,1,3.28571428571429,1
"522","Conceptual","Conceptual","Conceptual","Conceptual",1,3.04452243772342,5,5,1,1,0,0,4.71428571428571,0
"523","Conceptual","Conceptual","Conceptual","Conceptual",2,4.60517018598809,4,5,4,4.4,1,0,4.57142857142857,2
"524","Conceptual",NA,"Conceptual",NA,2,1.6094379124341,6,5,4.5,2.6,0,1,3.71428571428571,2
"525","None","None","None","None",NA,1.94591014905531,6,2.66666666666667,NA,NA,0,0,3.85714285714286,1
"526","None","None","None","None",1,3.2188758248682,7,NA,NA,NA,NA,0,2.42857142857143,1
"527",NA,NA,NA,NA,1,2.02814824729229,5,3,2.8,2.8,0,0,3,2
"528",NA,NA,NA,NA,5,5.7037824746562,3,3.66666666666667,4.83333333333333,5,1,1,3.28571428571429,1
"529","Applied","Applied","Applied","Applied",1,4.13356527537538,7,4,4.33333333333333,3,0,1,4,6
"530","Applied","Conceptual","Applied","Applied",1,2.30258509299405,3,3,3.66666666666667,3.8,1,1,2.85714285714286,2
"531","Conceptual","None","Conceptual","None",1,2.19722457733622,6,1.66666666666667,2.33333333333333,3.8,0,0,3.85714285714286,0
"532","None","None","None","None",1,2.85070650150373,5,3,4.33333333333333,3,0,1,2.57142857142857,0
"533","Conceptual","Applied","Conceptual","Applied",2,3.33932197794407,4,4,5,5,0,0,3.57142857142857,1
"534","Conceptual","Conceptual","Applied","Applied",3,4.24706564923976,NA,5,3.66666666666667,2.4,0,0,4,3
"535","None","None","None","None",4,5.18682699051467,4,3,4.66666666666667,4.4,1,1,3,7
"536","Conceptual","Conceptual","Conceptual","Conceptual",5,5.73236993150811,7,3.66666666666667,4,3.8,0,0,2.5,7
"537","Conceptual","Conceptual","Conceptual","Conceptual",6,6.65492541729757,4,3,4.66666666666667,4.2,0,1,4.28571428571429,5
"538","None","Conceptual","None","Conceptual",6,8.53097774638685,7,3.33333333333333,4,2.8,1,1,2.71428571428571,3
"539","Applied","Applied","Applied","Applied",5,4.64439089914137,3,1.33333333333333,5,5,NA,1,4.42857142857143,1
"540","Conceptual","Conceptual","Conceptual","Conceptual",2,4.00733318523247,4,4,4.4,4,0,1,4.14285714285714,4
"541","Applied","Conceptual","Applied","Conceptual",1,3.68887945411394,6,4,4.66666666666667,4.8,1,1,3.57142857142857,3
"542","Applied",NA,"Applied",NA,6,7.23417717974985,2,5,4.33333333333333,4.2,1,1,2.71428571428571,4
"543","Conceptual","None","Conceptual","None",NA,6.5510803350434,6,3,5,4.2,1,0,4.28571428571429,7
"544","Applied","Applied","Applied","Applied",2,2.30258509299405,7,3.66666666666667,4.66666666666667,4,0,1,4.14285714285714,5
"545","Applied","Applied","Applied","Applied",6,5.27197339120843,7,3.33333333333333,4.4,4.6,0,1,3.57142857142857,7
"546","Applied","Applied","Applied","Applied",2,2.59525470695687,3,3.66666666666667,5,4.75,1,1,3.14285714285714,5
"547","Conceptual","Conceptual","Conceptual","Conceptual",2,3.31418600467253,4,2.66666666666667,5,5,1,1,3.57142857142857,8
"548","Applied","Conceptual","Applied","Applied",1,3.3322045101752,2,5,4,4,0,0,4,3
"549",NA,"Applied",NA,"Applied",3,4.23844490619586,3,1,5,NA,1,1,3,3
"550","Applied","Applied","Applied","Applied",2,3.46573590279973,3,3.33333333333333,3.66666666666667,4.4,1,0,2.85714285714286,7
"551","Applied","Applied","Applied","Applied",3,3.2188758248682,5,3.33333333333333,3.66666666666667,4.2,1,1,4.14285714285714,2
"552","Applied","Applied","Applied","Applied",2,4.10594369806545,7,2.66666666666667,3.5,4.4,0,0,4.14285714285714,7
"553","Conceptual","None","Applied","None",6,5.89357604628886,7,2,3.5,2.2,0,1,3.85714285714286,3
"554","Conceptual","Conceptual","Conceptual","Conceptual",2,3.08648663682246,6,3,4.66666666666667,5,0,1,3.14285714285714,1
"555","Conceptual","Conceptual","Conceptual","Conceptual",6,7.0322711536797,6,2,4.33333333333333,4,0,1,4,4
"556","Applied","Applied","Applied","Applied",4,5.70810644613626,7,5,4.6,4,0,0,4,10
"557","Applied","Applied","Applied","Applied",3,1.43508452528932,7,3,4,3.8,0,1,3.42857142857143,3
"558","Conceptual","Conceptual","Conceptual","Conceptual",2,1.33500106673234,6,3,4.66666666666667,5,0,1,3.14285714285714,1
"559","Conceptual","Conceptual","Conceptual","Conceptual",3,2.72785282839839,6,4,3.8,4,0,1,3.57142857142857,5
"560","None","None","None","None",4,5.29831736654804,6,NA,5,NA,1,0,3.14285714285714,2
"561","None","None","None","None",3,8.10167774745457,6,3.33333333333333,3.5,4,0,0,2.83333333333333,1
"562","None","None","None","None",4,4.34380542185368,4,4,4.5,4.6,1,0,3.57142857142857,3
"563","Conceptual","Applied","Conceptual","Applied",2,6.19236248947487,5,3,3.66666666666667,4,0,1,3.57142857142857,10
"564","Conceptual","Conceptual","Conceptual","Conceptual",5,7.07106389659416,7,4,3,1,0,0,3.85714285714286,3
"565","Conceptual","Conceptual","Conceptual","Conceptual",6,5.09375020080676,6,2,4.16666666666667,5,1,0,4.14285714285714,3
"566","Applied","Applied","Applied","Applied",4,6.37161184723186,3,2.33333333333333,4.16666666666667,4.8,0,1,3.83333333333333,2
"567","None","None","None","None",6,6.25016827382074,6,3.66666666666667,5,4.6,0,0,4.57142857142857,6
"568","Conceptual",NA,"Conceptual",NA,4,4.24849524204936,3,5,3.75,2.4,1,0,3.85714285714286,0
"569","Conceptual","Conceptual","Conceptual","Conceptual",2,1.79175946922805,3,1,3.16666666666667,4.2,1,0,3.28571428571429,3
"570","Conceptual","Conceptual","Conceptual","Conceptual",NA,6.14190836500391,6,3.66666666666667,5,4.6,1,1,3,4
"571","Conceptual","Conceptual","Conceptual","Conceptual",5,6.30243580878771,6,3,5,4.2,0,1,4.28571428571429,5
"572","Conceptual","Conceptual","Conceptual","Conceptual",2,5.88635400020536,4,3.33333333333333,3.83333333333333,4.6,0,1,3.42857142857143,4
"573","Applied","Applied","Applied","Applied",4,4.6269316777696,6,3.33333333333333,5,5,1,1,3.42857142857143,3
"574","None","None","None","None",6,8.83637393092739,6,3.66666666666667,5,3.8,1,0,2.85714285714286,3
"575","Conceptual",NA,"Conceptual",NA,2,4.35670882668959,3,4.33333333333333,5,4.4,0,1,4.14285714285714,1
"576","Conceptual","Conceptual","Conceptual","Conceptual",6,6.3456363608286,7,3,4.5,4.4,0,1,3.42857142857143,5
"577","Conceptual","Conceptual","Conceptual","Conceptual",3,4.87443367291585,6,3.66666666666667,4.66666666666667,5,0,1,4.14285714285714,9
"578","Conceptual","Applied","Conceptual","Applied",6,5.8996233434424,4,2.33333333333333,3.83333333333333,3.4,0,1,3.71428571428571,8
"579","None","None","None","None",2,7.46605591677232,7,4,4.33333333333333,4,1,1,4.28571428571429,3
"580","Conceptual",NA,"Conceptual",NA,6,6.40191719672719,6,NA,4,3.4,0,1,4,6
"581","None","None","None","None",2,6.58313255871807,6,4,4.83333333333333,4.2,1,1,3.57142857142857,8
"582","Conceptual","Conceptual","Conceptual","Conceptual",3,7.25841215059531,6,3.66666666666667,4.66666666666667,4.2,0,1,3.57142857142857,9
"583","None","None","None","None",3,1.6094379124341,4,3.66666666666667,NA,NA,0,0,3,2
"584","Applied",NA,"Applied",NA,4,2.94443897916644,4,3.33333333333333,4.5,5,0,1,4.57142857142857,3
"585","Applied",NA,"Applied",NA,3,6.1527326947041,4,NA,5,5,1,0,3.5,3
"586","None","None","None","None",6,6.80461452006262,7,2.33333333333333,5,2.6,0,0,2.85714285714286,6
"587","None","None","None","None",6,5.52146091786225,7,3,4.66666666666667,4.2,0,0,3.57142857142857,4
"588","Conceptual","Conceptual","Conceptual","Conceptual",1,0.845868267577609,7,4.33333333333333,4.83333333333333,4.4,1,1,4.71428571428571,2
"589","Applied",NA,"Applied",NA,5,4.63957161270542,3,4.33333333333333,5,5,0,1,4.57142857142857,1
"590","Applied","Applied","Applied","Applied",5,5.22623042765314,6,2.33333333333333,4.33333333333333,5,1,0,4.14285714285714,4
"591","None","None","None","None",4,5.84267447352282,6,3,4,1.8,0,1,3.16666666666667,2
"592","Conceptual","Conceptual","Conceptual","Conceptual",5,5.65283999591863,3,2.33333333333333,3,2.2,1,1,3.28571428571429,1
"593","None","None","None","None",6,4.54116485601218,5,4.33333333333333,4.33333333333333,4,0,0,4.28571428571429,1
"594","None","Conceptual","None","Conceptual",3,6.44134518524653,6,3,3.5,5,0,1,3.57142857142857,5
"595","Conceptual","Conceptual","Conceptual","Conceptual",1,2.50959926237837,6,3,4.16666666666667,4.6,0,0,4,0
"596","Conceptual","Conceptual","Conceptual","Conceptual",5,4.85046654194343,7,4.33333333333333,5,4.75,1,1,4.14285714285714,2
"597","None","None","None","None",4,2.89591193827178,6,2.33333333333333,3.66666666666667,1.4,0,0,3.42857142857143,1
"598","Applied","Applied","Applied","Applied",4,3.98154906807676,4,3,4,3.8,1,0,4.14285714285714,6
"599","Conceptual","Conceptual","Conceptual","Conceptual",2,3.93182563272433,5,4.66666666666667,4.33333333333333,4,1,0,2.71428571428571,1
"600","None","None","None","None",6,5.19462213020927,3,3,4.33333333333333,4.2,1,0,2.71428571428571,5
"601","None","None","None","None",5,5.085124146087,7,4.33333333333333,5,4.2,0,1,3.71428571428571,7
"602","Conceptual","Conceptual","Conceptual","Conceptual",5,5.24121777450746,6,3,4.66666666666667,5,1,1,4.42857142857143,2
"603","None","None","None","None",NA,6.59098762563526,6,3,3.5,5,0,1,3.85714285714286,4
"604","Conceptual","None","Conceptual","None",2,3.24259235148552,4,2.66666666666667,4.16666666666667,4.2,0,1,3.57142857142857,4
"605","Conceptual","Conceptual","Conceptual","Conceptual",4,3.64805745959368,6,3.66666666666667,5,5,1,0,5,5
"606","Applied","Applied","Applied","Applied",2,2.72785282839839,5,2.33333333333333,2.83333333333333,3,1,0,4,5
"607","Conceptual","Applied","Conceptual","Applied",3,4.71294777816152,6,4.33333333333333,3.83333333333333,3.8,0,1,4.28571428571429,6
"608","Conceptual","Conceptual","Applied","Applied",3,2.37024374146786,5,4,3.6,3.8,1,0,3.71428571428571,4
"609","Applied","Applied","Applied","Applied",4,3.68887945411394,3,3.33333333333333,5,5,1,0,3.42857142857143,2
"610","None",NA,"None",NA,2,3.06339092202781,3,2.66666666666667,4,2.8,1,0,3.71428571428571,0
"611","Applied","Applied","Applied","Applied",3,4.51633897228148,5,1.66666666666667,3.83333333333333,3.4,1,1,4.14285714285714,2
"612",NA,NA,NA,NA,4,4.31748811353631,6,2.66666666666667,4,3.4,1,1,3.57142857142857,4
"613","Conceptual","Conceptual","Applied","Applied",1,3.60821155104648,6,2.33333333333333,4.83333333333333,3.8,1,1,4,3
"614","None","None","None","None",2,2.71469474382088,3,2.33333333333333,4.33333333333333,5,0,1,3,3
"615","None","None","None","None",5,5.91350300563827,6,3.33333333333333,4.33333333333333,2.4,0,0,3.14285714285714,4
"616","Conceptual","Conceptual","Conceptual","Conceptual",6,6.05865579664831,6,3,3.5,1,1,1,3.14285714285714,0
"617","Conceptual","Applied","Conceptual","Applied",2,4.44029554279786,3,4.33333333333333,3.83333333333333,3.8,1,0,3,3
"618","Conceptual","None","Conceptual","None",NA,5.57632781930309,6,4,4.66666666666667,2.8,0,1,3.57142857142857,2
"619","Applied","Applied","Applied","Applied",2,2.94968833505258,6,3.66666666666667,4.16666666666667,4.8,0,1,3.71428571428571,3
"620","Conceptual","Conceptual","Conceptual","Conceptual",1,2.41591377830105,7,4,4.66666666666667,2.6,1,0,3.66666666666667,4
"621","Conceptual","Conceptual","Conceptual","Conceptual",2,6.57046270597702,6,4,4,4.2,0,0,3.33333333333333,3
"622","None","None","None","None",2,3.47506723022861,6,1.5,5,NA,0,0,2,1
"623","Conceptual","Conceptual","Conceptual","Conceptual",5,5.55489569394848,4,2.66666666666667,4.66666666666667,2.8,1,1,3.71428571428571,5
"624","Conceptual","Conceptual","Conceptual","Conceptual",1,1.6094379124341,5,3,4.16666666666667,4.4,0,1,4.42857142857143,5
"625","Applied","Applied","Applied","Applied",2,4.11414718951828,6,4,5,5,1,1,3.28571428571429,5
"626","Applied","None","Applied","None",NA,1.56861591791385,6,5,NA,5,1,1,2.71428571428571,1
"627","Conceptual","Conceptual","Conceptual","Conceptual",6,4.36309862478836,6,2,4.33333333333333,2,0,0,3.28571428571429,3
"628","None","None","None","None",5,4.38202663467388,NA,3,5,2.6,0,0,3.28571428571429,4
"629","None",NA,"None",NA,6,3.87743156065853,4,2,5,5,1,1,2.8,6
"630","Applied","Applied","Applied","Applied",NA,6.271744289793,6,5,5,5,1,1,3.85714285714286,10
"631","None","None","None","None",5,5.03304888893316,7,1.66666666666667,3.83333333333333,3.2,0,0,2.57142857142857,3
"632","Conceptual","Conceptual","Conceptual","Conceptual",5,4.41037110768302,5,3.33333333333333,4.66666666666667,4.8,0,0,3,9
"633","Conceptual","Applied","Conceptual","Applied",6,6.86943016466047,6,4,4.66666666666667,4.8,1,1,4.28571428571429,9
"634","None","None","None","None",5,5.68391984555995,4,4,4.66666666666667,5,0,0,2.85714285714286,6
"635","None","None","None","None",1,3.71357206670431,4,1.66666666666667,4.66666666666667,4.8,0,1,2.85714285714286,2
"636","Conceptual","Conceptual","Conceptual","Conceptual",1,2.05412373369555,6,3.33333333333333,3.8,4.6,0,0,4.28571428571429,2
"637",NA,NA,NA,NA,2,2.98061863574394,4,NA,4,NA,1,0,NA,1
"638","Conceptual","Applied","Conceptual","Applied",1,2.2082744135228,4,NA,3.33333333333333,3.4,0,1,3.14285714285714,3
"639","Applied","Applied","Applied","Applied",4,1.75785791755237,6,3,4.5,4.6,1,1,4,13
"640","Conceptual","Conceptual","Conceptual","Conceptual",5,6.22693184811102,6,3.33333333333333,4,3.4,0,1,3.85714285714286,4
"641","Conceptual","Conceptual","Conceptual","Conceptual",2,2.70805020110221,6,3.33333333333333,4.5,4.6,0,1,4,5
"642","Conceptual","None","Conceptual","None",3,6.26339826259162,6,3,4.33333333333333,4,0,1,5,1
"643","Applied",NA,"Applied",NA,4,5.34710753071747,6,4.33333333333333,3.16666666666667,3.4,1,1,4.28571428571429,4
"644","None","None","None","None",1,6.33381234590067,1,1,4.33333333333333,2.8,1,0,2.57142857142857,3
"645","None","None","None","None",6,5.68017260901707,6,2.33333333333333,4.5,4,0,1,3.14285714285714,7
"646","Conceptual","Conceptual","Conceptual","Conceptual",6,6.37638675398482,6,3,3.66666666666667,2.2,0,1,3.14285714285714,3
"647","Conceptual","Conceptual","Applied","Applied",5,5.26269018890489,1,2.66666666666667,3.83333333333333,3.6,1,0,3.83333333333333,4
"648","None","None","None","None",6,7.91723758436198,4,3.5,4.33333333333333,3,0,1,3.57142857142857,1
"649","Conceptual","Conceptual","Applied","Applied",NA,5.70578047731887,6,3.33333333333333,4.33333333333333,5,1,0,4,6
"650","None","None","None","None",NA,2.80336038090653,5,2,3.5,2.8,0,1,3,3
"651","Conceptual","None","Applied","None",1,2.30258509299405,4,3,3.5,4.8,0,0,3.42857142857143,5
"652","None","None","None","None",2,3.73528582692809,6,3,4,2.8,0,1,3.85714285714286,2
"653","Applied","None","Applied","None",2,3.06805293513362,1,4,3.33333333333333,4.75,NA,1,3,5
"654",NA,NA,NA,NA,5,4.18205014264121,6,3,4.33333333333333,4.6,NA,0,NA,2
"655","None","None","None","None",5,4.70953020131233,7,2.66666666666667,4.5,4.4,1,0,3.14285714285714,1
"656","None","None","None","None",5,5.11319188242135,2,4.66666666666667,4,4,0,1,3.42857142857143,1
"657","None","None","None","None",1,0.693147180559945,7,2,1.5,3.8,0,0,1,3
"658","Conceptual","Applied","Conceptual","Applied",5,4.49088103958596,6,2.66666666666667,4.66666666666667,4.2,0,1,3.71428571428571,5
"659","Applied","Applied","Applied","Applied",3,4.47049528266149,6,4,5,4.75,0,1,4.28571428571429,3
"660","None","None","None","None",1,2.63332665490627,1,NA,5,NA,0,1,2.14285714285714,1
"661","None","None","None","None",2,3.6609942506244,4,1.33333333333333,3.66666666666667,4,0,1,2.42857142857143,4
"662","Applied","Applied","Applied","Applied",1,1.68639895357023,6,5,4.83333333333333,4.75,0,0,3.42857142857143,6
"663","Applied","Applied","Applied","Applied",1,2.88926002904347,4,2.66666666666667,4.16666666666667,4.8,1,1,3.85714285714286,5
"664","Applied","Applied","Applied","Applied",5,5.29831736654804,6,4,4.66666666666667,4.2,0,1,4.14285714285714,4
"665","Conceptual",NA,"Conceptual",NA,3,3.71843825635548,3,4.33333333333333,5,4.4,0,1,4.14285714285714,1
"666","Conceptual","Conceptual","Conceptual","Conceptual",5,4.97673374242057,6,3.33333333333333,4.66666666666667,3.2,0,0,3.57142857142857,3
"667","Applied","Applied","Applied","Applied",NA,5.24702407216049,3,3.33333333333333,4.66666666666667,5,1,0,4.14285714285714,9
"668","Conceptual","Conceptual","Conceptual","Conceptual",NA,5.4510384535657,6,3,5,4.2,1,0,4.14285714285714,11
"669","None","None","None","None",1,2.07944154167984,6,1.5,4,NA,0,0,NA,1
"670","Conceptual",NA,"Conceptual",NA,4,5.22035582507832,5,4.5,4.33333333333333,5,0,1,4,1
"671","Conceptual","Conceptual","Conceptual","Conceptual",1,1.33500106673234,4,5,4.5,5,1,1,4.42857142857143,1
"672","Applied",NA,"Applied",NA,1,1.38629436111989,7,1,4.16666666666667,4.2,0,0,4.57142857142857,4
"673","Applied","Applied","Applied","Applied",6,6.39692965521615,6,3.33333333333333,5,4.2,0,0,3.85714285714286,4
"674","Applied","Applied","Applied","Applied",2,2.83321334405622,5,4,5,4.6,0,0,3.28571428571429,3
"675","Applied","Applied","Applied","Applied",6,5.71373280550937,5,3.66666666666667,5,4.6,1,1,4.57142857142857,9
"676","None","None","None","None",2,3.09104245335832,1,3.33333333333333,4.66666666666667,2.6,0,1,3,4
"677","Applied","Applied","Applied","Applied",3,3.17805383034795,3,3.66666666666667,4,3.8,0,1,4.71428571428571,5
"678","Applied","Applied","Applied","Applied",4,3.95124371858143,3,4,3.33333333333333,5,1,1,4.28571428571429,3
"679","None","None","None","None",6,6.55819780281227,6,3.33333333333333,4.66666666666667,2.6,0,1,3,4
"680","None","None","None","None",NA,4.0943445622221,5,5,4.16666666666667,4.2,1,1,2.14285714285714,5
"681","Applied","Applied","Applied","Applied",6,7.4205789054108,6,5,4.66666666666667,4,0,1,3.71428571428571,6
"682","Applied","Applied","Applied","Applied",1,2.30258509299405,6,3.66666666666667,1,1,0,1,3.28571428571429,0
"683","None","None","None","None",2,3.04452243772342,6,4.66666666666667,3.33333333333333,4.2,0,1,4.57142857142857,4
"684","None","None","None","None",6,6.93244789157251,6,2,5,4.4,1,1,3,5
"685","Applied","Applied","Applied","Applied",2,3.55534806148941,6,3,3.83333333333333,4,1,1,4,6
"686","None","None","None","None",1,1.70474809223843,6,1,1,1,0,0,3,0
"687","Conceptual",NA,"Conceptual",NA,6,6.42971947803914,7,3,4.2,3.2,1,1,2.85714285714286,3
"688","None","None","None","None",NA,4.40671924726425,4,NA,5,5,0,0,5,1
"689","Conceptual","Conceptual","Conceptual","Conceptual",5,5.47646355193151,6,4,4.83333333333333,3.6,1,1,2,1
"690","Conceptual","Conceptual","Conceptual","Conceptual",1,2.30258509299405,6,3,5,5,1,0,4.42857142857143,1
"691","Applied","Applied","Applied","Applied",6,7.39018142822643,5,3.66666666666667,4,3.8,1,1,3.28571428571429,2
"692","Conceptual","Conceptual","Conceptual","Conceptual",2,4.38202663467388,6,2.33333333333333,4.33333333333333,NA,0,1,2.85714285714286,3
"693","Conceptual","None","Conceptual","None",5,5.21493575760899,6,4,4.5,4,0,0,3.42857142857143,4
"694","None","None","None","None",6,3.55534806148941,6,3,3,3.6,1,1,2.85714285714286,1
"695","Applied","None","Applied","None",2,2.484906649788,4,2,4,3,0,1,2.71428571428571,1
"696","Conceptual","Conceptual","Conceptual","Conceptual",1,2.89037175789616,3,4.33333333333333,5,4,1,1,3.14285714285714,6
"697","Applied","Applied","Applied","Applied",NA,5.76832099579377,5,3.33333333333333,5,5,1,1,4,5
"698","Applied","Applied","Applied","Applied",4,4.18965474202643,4,3.33333333333333,4.5,4.8,1,1,2.85714285714286,4
"699","None","None","None","None",NA,3.04452243772342,4,2.33333333333333,5,3.6,1,1,2.85714285714286,3
"700","Applied",NA,"Applied",NA,3,3.52636052461616,6,5,4.83333333333333,4.75,1,1,4.57142857142857,6
"701","Applied","Applied","Applied","Applied",3,3.93182563272433,4,5,4.66666666666667,5,1,1,3.71428571428571,8
"702","Conceptual","None","Conceptual","None",6,5.71373280550937,4,3,5,5,1,1,3.28571428571429,5
"703","Applied","Applied","Applied","Applied",4,2.99573227355399,7,3.66666666666667,4,4,0,1,4.28571428571429,3
"704","Applied","Applied","Applied","Applied",NA,3.04452243772342,5,5,4,4.4,0,0,3.85714285714286,1
"705","None","None","None","None",6,6.53813982376767,4,3.33333333333333,4,5,0,1,4.85714285714286,8
"706","Conceptual","Conceptual","Conceptual","Conceptual",4,4.91998092582813,7,5,4.5,3.8,1,1,3.28571428571429,6
"707",NA,NA,NA,NA,1,2.07944154167984,5,3,NA,NA,1,1,3.14285714285714,3
"708","Conceptual","Conceptual","Conceptual","Conceptual",5,5.10594547390058,7,3.66666666666667,4.5,2.8,0,1,2.71428571428571,5
"709","Conceptual","Conceptual","Conceptual","Conceptual",2,2.77258872223978,4,3,4.33333333333333,3.8,1,1,4.57142857142857,6
"710","Conceptual","Conceptual","Conceptual","Conceptual",4,4.20469261939097,7,5,4.66666666666667,4.4,0,1,4.42857142857143,6
"711","Conceptual","Conceptual","Conceptual","Conceptual",1,3.91202300542815,7,3.33333333333333,4.5,3.8,0,1,3.57142857142857,1
"712","None","None","None","None",1,0.693147180559945,4,2.33333333333333,4,4,0,0,3.14285714285714,2
"713","Applied","Applied","Applied","Applied",1,2.30258509299405,3,5,4.5,4.6,1,1,3.28571428571429,2
"714","Conceptual","Conceptual","Conceptual","Conceptual",4,7.06902342657826,7,3.33333333333333,4.66666666666667,3.8,1,1,4.28571428571429,6
"715","Conceptual","Conceptual","Conceptual","Conceptual",3,7.35564110297425,6,2.33333333333333,4.66666666666667,4.8,0,1,3.14285714285714,10
"716","Applied","None","Applied","None",5,4.97673374242057,6,5,4.66666666666667,2.2,1,1,4,3
"717","Applied","Applied","Applied","Applied",2,4.31748811353631,6,5,4.66666666666667,4.2,0,0,4.28571428571429,2
"718","None","None","None","None",4,2.83321334405622,5,4,5,2.2,0,0,2,2
"719","Conceptual","Conceptual","Conceptual","Conceptual",5,4.9416424226093,6,2,4.5,3.6,1,1,5,2
"720","Applied","Applied","Applied","Applied",1,2.70805020110221,5,5,4.83333333333333,4.8,0,1,3.57142857142857,11
"721","Applied","Applied","Applied","Applied",6,7.40731771046942,4,4,4.5,3.2,0,1,3.28571428571429,4
"722","Conceptual","Applied","Conceptual","Applied",2,2.22462355152433,3,5,3.66666666666667,5,0,1,4.14285714285714,5
"723","Applied","Applied","Applied","Applied",4,4.44265125649032,7,3.66666666666667,3.33333333333333,2.4,1,1,4.14285714285714,4
"724","Applied","Applied","Applied","Applied",4,3.91202300542815,6,3.33333333333333,5,5,0,0,3.42857142857143,3
"725","Conceptual","Conceptual","Conceptual","Conceptual",4,3.80666248977032,7,4,4.5,4,NA,1,3.28571428571429,5
"726","None","None","None","None",2,3.40119738166216,7,4.66666666666667,4.5,3,1,1,3.57142857142857,4
"727","Conceptual","Conceptual","Conceptual","Conceptual",4,4.00733318523247,7,5,4.33333333333333,4.5,1,1,4.57142857142857,5
"728","Applied","Applied","Applied","Applied",5,5.29831736654804,5,4.66666666666667,3.8,4.6,0,1,4,5
"729","Conceptual","Conceptual","Conceptual","Conceptual",1,2.30258509299405,3,NA,4,4,0,0,4.14285714285714,2
"730","Conceptual","Conceptual","Conceptual","Conceptual",4,4.7361984483945,6,3.33333333333333,4.33333333333333,4,1,1,3.14285714285714,1
"731","Applied","Applied","Applied","Applied",2,2.56494935746154,6,1.66666666666667,4.66666666666667,3.4,1,1,3.57142857142857,2
"732","None","None","None","None",2,3.40119738166216,4,2.66666666666667,4,2.6,1,1,3.42857142857143,2
"733","Conceptual","Conceptual","Conceptual","Conceptual",1,2.83321334405622,3,NA,5,NA,0,0,3,1
"734","Conceptual","Conceptual","Conceptual","Conceptual",NA,4.8283137373023,7,2,5,3,0,1,4.71428571428571,3
"735","Conceptual","Applied","Conceptual","Applied",5,3.62434093297637,4,4.33333333333333,3.83333333333333,4.8,1,0,5,1
"736","None","None","None","None",2,2.91777073208428,7,5,4.5,4.8,0,0,4.71428571428571,2
"737","Conceptual","Conceptual","Conceptual","Conceptual",3,5.81413053182507,6,3,4.5,4,1,0,3.85714285714286,1
"738","Conceptual","Conceptual","Conceptual","Conceptual",1,2.77258872223978,7,4.33333333333333,5,3.4,1,0,3.57142857142857,5
"739","Applied","Applied","Applied","Applied",2,3.18841661738349,4,2.33333333333333,5,4.4,0,1,3,1
"740","None","None","None","None",NA,4.38202663467388,7,3.66666666666667,4.83333333333333,3.8,0,1,2,5
"741","Conceptual","Conceptual","Conceptual","Conceptual",4,3.46573590279973,5,4,3.5,3.6,0,1,3.57142857142857,1
"742","Applied","Applied","Applied","Applied",NA,6.5792512120101,6,4,4,4,1,1,3.57142857142857,4
"743","Conceptual","Conceptual","Conceptual","Conceptual",6,8.37793112408273,6,2.66666666666667,4,5,1,1,4.42857142857143,3
"744","Applied","Applied","Applied","Applied",4,4.30541553230204,3,4.66666666666667,2.83333333333333,4.8,1,1,4.14285714285714,3
"745","None","None","None","None",2,6.34703888560268,6,4.33333333333333,3.83333333333333,4.2,0,1,2.85714285714286,2
"746","None","None","None","None",6,6.42794370874532,6,1.33333333333333,4.33333333333333,3.2,0,1,3,4
"747","Applied","Applied","Applied","Applied",4,6.39692965521615,4,3.66666666666667,4.33333333333333,5,1,0,4.14285714285714,8
"748","Applied",NA,"Applied",NA,1,0.916290731874155,4,1.66666666666667,2.16666666666667,4,0,0,3,0
"749","Applied",NA,"Applied",NA,2,5.94542060860658,6,5,5,5,0,1,3.33333333333333,6
"750","Applied","Applied","Applied","Applied",1,1.25276296849537,6,5,4.33333333333333,4.6,0,1,3.85714285714286,2
"751","None","Applied","None","Applied",2,2.86220088092947,5,5,4.66666666666667,2.8,1,0,3.28571428571429,2
"752","None","None","None","None",4,7.40853056689463,6,3.66666666666667,4.33333333333333,3.2,1,1,4.42857142857143,5
"753","None","None","None","None",4,4.57471097850338,6,2,4.66666666666667,2.8,0,1,3,2
"754","None","None","None","None",NA,5.16478597392351,4,2,3,2.6,1,0,3.42857142857143,3
"755","Applied","Applied","Applied","Applied",6,5.79909265446053,6,4.33333333333333,4.5,4.6,1,1,5,3
"756","None","Applied","None","Applied",3,3.46573590279973,4,5,2.5,4,0,0,4.14285714285714,2
"757","Applied","Applied","Applied","Applied",1,2.86220088092947,3,5,3.6,3.8,1,0,NA,7
"758","Applied","Conceptual","Applied","Applied",4,4.35670882668959,6,3.33333333333333,4,3.2,1,0,3.42857142857143,1
"759","Conceptual","None","Conceptual","None",6,7.22475340576797,6,4,5,3.6,0,1,4.71428571428571,3
"760","Applied","Applied","Applied","Applied",4,4.61512051684126,6,3,4.66666666666667,3.2,1,0,3.42857142857143,5
"761","Conceptual","Conceptual","Conceptual","Conceptual",1,2.07944154167984,4,5,5,5,1,0,4,1
"762","Conceptual","None","Applied","None",2,3.61091791264422,6,4.66666666666667,4.33333333333333,5,0,1,4,0
"763","Applied","Applied","Applied","Applied",4,4.60517018598809,7,5,1.66666666666667,5,1,1,4.2,2
"764","None","None","None","None",4,5.19295685089021,6,3,4.4,4.2,0,1,3.33333333333333,6
"765","Conceptual","Conceptual","Conceptual","Conceptual",4,4.60517018598809,6,3,4.66666666666667,4.6,0,1,2.83333333333333,10
"766","Applied","Applied","Applied","Applied",1,1.38629436111989,3,3,3.83333333333333,3.4,0,1,3.28571428571429,5
"767","Applied","Applied","Applied","Applied",3,3.40119738166216,4,NA,5,5,0,1,NA,3
"768","Conceptual","Conceptual","Conceptual","Conceptual",6,5.7037824746562,6,3.66666666666667,5,4.2,0,0,3.71428571428571,1
"769","Applied","Applied","Applied","Applied",6,4.9416424226093,3,5,4.66666666666667,4,NA,1,3.28571428571429,15
"770","Conceptual","Conceptual","Conceptual","Conceptual",4,4.90527477843843,6,4,4.66666666666667,4,0,1,4,7
"771","Conceptual","Applied","Conceptual","Applied",4,4.47733681447821,5,3.33333333333333,4.5,5,0,1,2.85714285714286,10
"772","None","None","None","None",4,4.9416424226093,4,2.66666666666667,4.66666666666667,2.4,1,0,1,0
"773","Conceptual","Conceptual","Conceptual","Conceptual",3,3.98898404656427,5,2.33333333333333,4.16666666666667,4,0,0,3.85714285714286,2
"774","None","None","None","None",2,2.07944154167984,7,4,4.83333333333333,3,0,1,2.71428571428571,1
"775","None","None","None","None",5,5.29831736654804,6,3,3.83333333333333,2.8,1,0,3,2
"776","None","None","None","None",6,7.9373746961633,6,4.33333333333333,4,4.2,1,1,4,4
"777","Conceptual","Conceptual","Conceptual","Conceptual",6,7.9373746961633,7,4.66666666666667,4.66666666666667,3.8,1,1,3.57142857142857,3
"778","Applied","Applied","Applied","Applied",6,8.37184366754205,6,5,4.66666666666667,4.8,1,1,4.14285714285714,8
"779","None","None","None","None",2,2.42480272571829,7,2,4.66666666666667,4.8,0,0,1.71428571428571,3
"780","None","None","None","None",2,2.07944154167984,5,2.33333333333333,4,4,0,1,4.71428571428571,2
"781","Conceptual","Conceptual","Conceptual","Conceptual",6,6.92264389147589,5,4,4.5,4.2,0,1,4.42857142857143,6
"782","Conceptual","Conceptual","Conceptual","Conceptual",5,6.39692965521615,5,3,4.5,3,0,1,3.57142857142857,1
"783","Conceptual","Applied","Conceptual","Applied",6,8.80116840193669,6,4.33333333333333,3.83333333333333,3.8,1,1,4,4
"784","Applied","Applied","Applied","Applied",3,3.25809653802148,4,5,4.5,5,1,1,4.14285714285714,6
"785",NA,NA,NA,NA,2,2.83321334405622,6,NA,5,NA,0,0,NA,1
"786","Conceptual","None","Conceptual","None",6,5.99146454710798,6,5,4.83333333333333,4,1,0,3.28571428571429,5
"787","Applied","Applied","Applied","Applied",1,2.19722457733622,6,5,4.66666666666667,4.8,1,1,3.57142857142857,14
"788","Conceptual","Conceptual","Conceptual","Conceptual",2,4.33729074083249,4,5,4,5,1,1,4,4
"789","None","None","None","None",5,5.20948615284142,7,3,4.66666666666667,4.2,1,0,4.14285714285714,4
"790","Conceptual","Conceptual","Conceptual","Conceptual",3,1.25276296849537,7,1,4.66666666666667,4,0,1,4.57142857142857,4
"791","Conceptual","None","Conceptual","None",2,4.0943445622221,4,3,4.66666666666667,4,0,1,2.71428571428571,2
"792","Conceptual",NA,"Conceptual",NA,1,0.916290731874155,5,4,2.66666666666667,3.8,0,0,3.83333333333333,4
"793","Applied","Applied","Applied","Applied",2,1.25276296849537,5,4.33333333333333,4,4.2,1,1,4.28571428571429,2
"794","Applied","Applied","Applied","Applied",5,5.76832099579377,4,3,4.5,3.8,1,0,3.14285714285714,4
"795","None","None","None","None",4,4.8283137373023,5,3.33333333333333,2.83333333333333,2.8,1,0,3,2
"796","None","None","None","None",5,5.13579843705026,7,2,4,3.8,0,1,3.14285714285714,4
"797","None","None","None","None",3,4.18965474202643,6,3,3,3,0,1,2,2
"798","Conceptual","Conceptual","Conceptual","Conceptual",4,4.54542018158232,3,5,5,5,1,1,3.14285714285714,3
"799","Conceptual","Conceptual","Conceptual","Conceptual",1,3.40119738166216,3,4,4,5,1,1,3.71428571428571,5
"800","Applied","Applied","Applied","Applied",1,4.20469261939097,3,5,1,1,0,1,3,0
"801","Conceptual","Conceptual","Conceptual","Conceptual",6,6.41345895716736,3,2.33333333333333,4.5,5,1,1,4,6
"802","Conceptual","Conceptual","Applied","Applied",5,5.88610403145016,4,3,4.66666666666667,3.8,0,1,3.71428571428571,1
"803","Conceptual","Applied","Conceptual","Applied",2,2.89037175789616,5,2,4,4.4,1,0,4.57142857142857,7
"804","None","None","None","None",1,2.83321334405622,1,4.33333333333333,5,NA,0,0,3.14285714285714,1
"805","None","None","None","None",3,5.48063892334199,6,3,4.66666666666667,4,0,1,3.28571428571429,7
"806","Applied","Applied","Applied","Applied",4,7.34148385236316,6,4.66666666666667,4.6,3.2,1,1,3.42857142857143,3
"807","None","None","None","None",2,2.14006616349627,6,3,3,3.75,0,0,2.71428571428571,3
"808",NA,NA,NA,NA,1,1.87180217690159,7,4,4.83333333333333,3.6,0,0,3.57142857142857,3
"809",NA,NA,NA,NA,1,2.07944154167984,4,4.33333333333333,4.66666666666667,5,NA,0,2.28571428571429,1
"810","Conceptual","Conceptual","Conceptual","Conceptual",4,5.13579843705026,6,3,4.66666666666667,3.2,0,0,4.14285714285714,4
"811","Conceptual","Conceptual","Conceptual","Conceptual",NA,2.99573227355399,6,3.66666666666667,5,4.2,1,0,2,5
"812","None","None","None","None",3,7.65681009148038,6,1.33333333333333,4.66666666666667,5,1,0,5,7
"813","None","None","None","None",2,2.4423470353692,5,3,4,4.2,NA,1,2,6
"814","None","None","None","None",1,0,6,5,NA,5,0,0,NA,0
"815","Applied",NA,"Applied",NA,2,2.39789527279837,5,3.66666666666667,3.8,4.2,0,1,3.42857142857143,6
"816","Conceptual","Applied","Conceptual","Applied",6,8.45977592054629,6,4.33333333333333,5,3.8,1,1,4,1
"817","None","None","None","None",NA,8.00636756765025,6,5,4.66666666666667,4.2,1,1,3.85714285714286,3
"818","None","None","None","None",4,5.605802066296,4,2.33333333333333,4.66666666666667,4.6,1,0,2.57142857142857,3
"819",NA,NA,NA,NA,6,6.26530121273771,4,2.33333333333333,4.5,4.6,0,0,2.5,2
"820",NA,NA,NA,NA,6,7.39939808333135,3,3,5,4.2,NA,0,NA,2
"821","Applied",NA,"Applied",NA,5,7.78322401633604,3,4,3.66666666666667,3.6,1,1,3.71428571428571,0
"822","Applied","Applied","Applied","Applied",NA,4.0943445622221,7,3.66666666666667,5,5,1,1,3.66666666666667,8
"823","None","None","None","None",1,0.693147180559945,5,2.66666666666667,4.5,4,0,0,3,3
"824",NA,NA,NA,NA,1,1.3609765531356,6,3,5,4.2,0,0,3,1
"825","None","Conceptual","None","Conceptual",6,9.10497985631836,6,3.33333333333333,4.5,2.6,1,1,3.71428571428571,3
"826","Applied","Applied","Applied","Applied",4,3.2188758248682,4,3.66666666666667,4.16666666666667,3.6,0,0,4.42857142857143,3
"827","None","None","None","None",3,4.70048036579242,4,3.66666666666667,2,2,0,0,2.71428571428571,0
"828","Applied","Applied","Applied","Applied",2,2.70805020110221,4,3.66666666666667,3.83333333333333,3.6,0,0,2.71428571428571,6
"829","Conceptual","Conceptual","Conceptual","Conceptual",6,6.92755790627832,6,4,4.66666666666667,2.4,0,1,3,5
"830","None","None","None","None",1,0,7,1,1,1,0,0,2.71428571428571,5
"831","Conceptual","Applied","Conceptual","Applied",2,1.94591014905531,2,3,3.8,3,1,0,3.14285714285714,1
"832","Applied","Applied","Applied","Applied",NA,2.2512917986065,6,4.33333333333333,3.5,2.2,0,0,3,1
"833","Conceptual","Applied","Conceptual","Applied",1,1.6094379124341,2,4,2.83333333333333,4.4,0,0,3.5,6
"834","Applied","Applied","Applied","Applied",6,8.14612951002541,6,3,4.66666666666667,4.6,0,0,3.57142857142857,14
"835","Applied","Applied","Applied","Applied",3,4.20469261939097,4,5,5,NA,0,0,5,1
"836","Applied","Applied","Applied","Applied",4,7.49554194388426,6,3.33333333333333,4,3,1,1,4.42857142857143,10
"837","None","None","None","None",3,3.95124371858143,6,3,2.33333333333333,1,1,0,3,1
"838","Conceptual","Applied","Conceptual","Applied",2,2.83321334405622,7,3.33333333333333,4,2,0,1,3,1
"839","None","None","None","None",1,0.693147180559945,5,3.66666666666667,1,1,0,0,3.14285714285714,0
"840","Conceptual","Conceptual","Conceptual","Conceptual",2,3.91202300542815,3,3,5,5,1,1,3.28571428571429,7
"841","Applied","Applied","Applied","Applied",1,3.58351893845611,6,5,5,3.8,1,0,3.42857142857143,7
"842","None","None","None","None",3,3.40119738166216,4,3.33333333333333,4.83333333333333,4.25,0,0,2.85714285714286,3
"843","None","None","None","None",3,0,6,2,3,3,0,0,3,4
"844","Conceptual","Conceptual","Conceptual","Conceptual",1,2.30258509299405,3,4.33333333333333,4,4.4,1,0,3,2
"845","Conceptual",NA,"Conceptual",NA,4,3.68887945411394,NA,5,5,5,0,1,2.71428571428571,1
"846","Applied","Applied","Applied","Applied",3,4.00733318523247,3,2.66666666666667,4.83333333333333,5,1,0,2.71428571428571,13
"847","Applied","Applied","Applied","Applied",2,1.02961941718116,3,3,3.33333333333333,1.6,0,0,2.71428571428571,1
"848","None",NA,"None",NA,NA,3.76120011569356,NA,NA,NA,NA,NA,0,NA,0
"849","Conceptual",NA,"Conceptual",NA,1,5.99146454710798,3,3.66666666666667,4.16666666666667,2.5,1,1,3,2
"850","Applied","Applied","Applied","Applied",1,4.31748811353631,6,2.33333333333333,2.66666666666667,4.8,NA,1,3.5,6
"851","Applied","Applied","Applied","Applied",1,1.79175946922805,4,5,4,4.6,1,0,3.28571428571429,1
"852","Applied","Applied","Applied","Applied",2,4.60517018598809,5,3.33333333333333,4,4.8,1,1,2.57142857142857,8
"853",NA,NA,NA,NA,1,2.99573227355399,5,3.33333333333333,5,5,1,0,2.42857142857143,1
"854","Conceptual",NA,"Conceptual",NA,1,1.6094379124341,4,2.5,4.5,3,NA,1,3.8,7
"855","Applied","Applied","Applied","Applied",5,4.70048036579242,6,5,5,5,0,1,5,7
"856","Applied",NA,"Applied",NA,1,4.0943445622221,2,NA,4.5,5,0,1,4.25,1
"857","Conceptual","Conceptual","Conceptual","Conceptual",6,6.21460809842219,6,3.66666666666667,4.5,4.8,1,1,4,1
"858",NA,NA,NA,NA,3,3.46573590279973,6,2.66666666666667,3.33333333333333,3,NA,0,NA,2
"859","None","None","None","None",1,0,6,3.66666666666667,3.5,3.6,NA,0,2.85714285714286,0
"860",NA,NA,NA,NA,1,NA,5,NA,3,3.5,NA,1,3,2
"861","None","None","None","None",1,NA,4,5,4.33333333333333,3.4,NA,0,3,0
"862",NA,NA,NA,NA,NA,2.89037175789616,1,NA,NA,NA,NA,0,NA,4
"863","None","None","None","None",1,0.693147180559945,4,4,1,1,0,0,3,1
"864","Conceptual",NA,"Conceptual",NA,NA,1.79175946922805,3,NA,NA,NA,NA,0,3,1
"865",NA,NA,NA,NA,4,3.52636052461616,7,2,4.83333333333333,5,NA,0,3,2
"866","None","None","None","None",3,3.2188758248682,6,3,1,1,0,1,4.14285714285714,0
"867","None",NA,"None",NA,1,3.68887945411394,7,4,1,1,0,0,3,0
"868","Conceptual","Conceptual","Conceptual","Conceptual",2,2.63905732961526,4,4.33333333333333,4.16666666666667,4.4,1,0,3,2
"869",NA,NA,NA,NA,NA,0,7,NA,NA,NA,NA,0,NA,0
"870","None",NA,"None",NA,2,2.83321334405622,4,4.33333333333333,4,3.25,0,0,3.57142857142857,3
"871","None","None","None","None",1,0,4,1,3,NA,NA,0,3.14285714285714,0
"872","Conceptual","Conceptual","Conceptual","Conceptual",1,1.38629436111989,3,5,4.5,5,1,0,NA,2
"873","Conceptual","Conceptual","Conceptual","Conceptual",1,NA,3,4.33333333333333,3,3.8,1,0,3.85714285714286,1
"874","Applied","Applied","Applied","Applied",3,4.08597631255158,3,3.33333333333333,4.16666666666667,3,1,0,2.71428571428571,4
"875","None","Conceptual","None","Conceptual",NA,2.63905732961526,4,1,5,5,0,0,4.42857142857143,1
"876",NA,NA,NA,NA,3,8.00636756765025,6,4,4.5,3.6,NA,0,3,1
"877",NA,NA,NA,NA,2,4.15575319035074,6,5,5,5,NA,NA,NA,3
"878","None","None","None","None",2,4.44265125649032,6,4,2.83333333333333,1,1,NA,3.28571428571429,3
"879",NA,NA,NA,NA,NA,2.30258509299405,NA,2,5,5,NA,NA,2.5,3
"880","Conceptual","Conceptual","Conceptual","Conceptual",1,2.8094026953625,7,5,4.16666666666667,4.2,0,NA,4,0
"881",NA,NA,NA,NA,1,2.81540871942271,6,NA,NA,5,NA,NA,NA,2
"882",NA,NA,NA,NA,1,2.24070968927596,4,NA,5,5,0,NA,4,1
"883","None","None","None","None",1,2.83321334405622,5,5,NA,NA,0,NA,4,0
"884","None","None","None","None",1,3.40119738166216,6,2.5,NA,NA,0,NA,3,0
"885",NA,NA,NA,NA,2,4.17438726989564,7,4,4.16666666666667,5,NA,NA,NA,4
"886","None",NA,"None",NA,NA,3.3357695763397,NA,NA,5,NA,1,NA,1,1
"887","None","None","None","None",1,1.09861228866811,7,1,2,1,0,NA,2.5,2
"888","Conceptual","Conceptual","Conceptual","Conceptual",NA,5.01396308418893,NA,2.66666666666667,5,5,0,NA,2.71428571428571,2
"889","None",NA,"None",NA,4,4.38202663467388,3,NA,NA,NA,1,NA,3.28571428571429,4
"890",NA,NA,NA,NA,1,2.86220088092947,5,5,5,NA,NA,NA,5,0
"891",NA,NA,NA,NA,4,4.27666611901606,3,4.33333333333333,5,5,NA,NA,NA,8
"892",NA,NA,NA,NA,2,5.71702770140622,3,2.33333333333333,3,2.6,NA,NA,NA,2
"893",NA,NA,NA,NA,2,3.09104245335832,6,2.66666666666667,3,3.4,NA,NA,NA,1
"894",NA,NA,NA,NA,4,4.78749174278205,6,NA,NA,NA,NA,NA,NA,7
"895",NA,NA,NA,NA,1,0,4,5,5,NA,0,NA,NA,1
"896",NA,NA,NA,NA,NA,5.59471137960184,6,2.66666666666667,3.33333333333333,1.4,NA,NA,NA,6
"897",NA,NA,NA,NA,NA,4.06044301054642,5,NA,4.66666666666667,4,NA,NA,2.28571428571429,1
"898",NA,NA,NA,NA,6,4.60517018598809,4,5,4.33333333333333,5,NA,NA,NA,8
"899",NA,NA,NA,NA,4,4.0943445622221,6,3,4.5,4.8,NA,NA,NA,8
"900","Applied","Applied","Applied","Applied",1,1.6094379124341,4,3.66666666666667,4.2,4.6,1,NA,2.85714285714286,2
"901",NA,NA,NA,NA,NA,3.91202300542815,3,NA,NA,NA,NA,NA,NA,1
"902",NA,NA,NA,NA,2,3.76120011569356,6,3,4.66666666666667,4,NA,NA,NA,2
"903",NA,NA,NA,NA,2,3.63758615972639,7,5,4,2.5,NA,NA,NA,0
"904","Conceptual",NA,"Conceptual",NA,1,4.24849524204936,4,NA,5,5,0,0,2.85714285714286,0
"905","Conceptual","None","Conceptual","None",NA,7.81601383915903,6,4.33333333333333,5,4,1,1,3.28571428571429,0
"906","None","None","None","None",4,8.06038215595649,6,3,4.66666666666667,3.2,0,1,2.57142857142857,0
"907","None","None","None","None",1,1.6094379124341,6,NA,NA,NA,0,0,3.85714285714286,0
"908","None","None","None","None",1,2.87356463957978,6,3,2.75,2.6,0,0,3,0
"909","Conceptual","None","Conceptual","None",2,4.56017282005736,4,NA,NA,NA,0,1,2.71428571428571,0
"910",NA,NA,NA,NA,1,3.46573590279973,6,NA,NA,NA,0,0,2.85714285714286,0
"911","Applied","Applied","Applied","Applied",3,3.58351893845611,6,NA,3.66666666666667,3.4,1,0,3.42857142857143,0
"912","Conceptual","Conceptual","Conceptual","Conceptual",1,2.01490302054226,2,4,4.2,3.6,1,1,3.71428571428571,0
"913","None","None","None","None",1,2.30258509299405,4,NA,NA,NA,1,0,3,0
"914","None","None","None","None",1,NA,4,5,4,NA,0,1,2.83333333333333,0
"915","Applied","None","Applied","None",5,NA,3,3,4,3.8,0,1,3.57142857142857,0
"916","Applied","Applied","Applied","Applied",2,NA,6,4.5,4.16666666666667,4.2,1,1,4.71428571428571,0
"917","Conceptual",NA,"Conceptual",NA,6,NA,6,3.33333333333333,3.66666666666667,4.2,1,0,2.85714285714286,0
"918","Applied","Applied","Applied","Applied",4,NA,4,3.66666666666667,4.8,4.4,NA,1,3.16666666666667,0
"919","None","None","None","None",NA,NA,5,4.33333333333333,3.66666666666667,3.6,0,0,3.14285714285714,0
"920","None","None","None","None",1,NA,7,1,4.4,3.4,0,1,2.14285714285714,0
"921","Applied","Applied","Applied","Applied",3,NA,7,3,3.16666666666667,3.8,1,1,4.71428571428571,0
"922","Conceptual","Conceptual","Conceptual","Conceptual",2,NA,7,2.33333333333333,3.33333333333333,2.2,NA,1,3.42857142857143,0
"923",NA,NA,NA,NA,1,2.14006616349627,7,5,NA,NA,0,1,3,0
"924",NA,NA,NA,NA,1,5.43197375136071,1,NA,NA,NA,NA,NA,NA,0
"925",NA,NA,NA,NA,NA,4.94449549159171,NA,NA,NA,NA,NA,NA,NA,0
"926",NA,NA,NA,NA,1,2.58776403522771,4,NA,NA,NA,NA,NA,NA,0
"927",NA,NA,NA,NA,1,4.38452351487247,5,NA,NA,NA,NA,NA,NA,0
"928",NA,NA,NA,NA,NA,5.66953603592761,NA,NA,NA,NA,NA,NA,NA,0
"929","None","None","None","None",6,6.94432825921298,6,NA,NA,NA,0,NA,2.66666666666667,0
"930",NA,NA,NA,NA,NA,5.50817302353531,NA,NA,NA,NA,NA,NA,NA,0
"931",NA,NA,NA,NA,NA,5.01130173863942,NA,NA,NA,NA,NA,NA,NA,0
"932",NA,NA,NA,NA,1,1.85629799036563,4,NA,NA,NA,NA,NA,NA,0
"933",NA,NA,NA,NA,3,6.08016200186927,6,NA,NA,NA,NA,NA,NA,0
"934",NA,NA,NA,NA,NA,5.84383423010396,NA,NA,NA,NA,NA,NA,NA,0
"935",NA,NA,NA,NA,NA,1.7227665977411,NA,NA,NA,NA,NA,NA,NA,0
"936",NA,NA,NA,NA,2,1.6094379124341,6,NA,NA,NA,NA,NA,NA,0
"937",NA,NA,NA,NA,NA,4.71849887129509,5,NA,NA,NA,NA,NA,NA,0
"938",NA,NA,NA,NA,3,NA,4,NA,NA,NA,NA,NA,NA,0
"939",NA,NA,NA,NA,NA,4.60517018598809,NA,NA,NA,NA,NA,NA,NA,0
"940",NA,NA,NA,NA,2,0,4,NA,NA,NA,NA,NA,NA,0
"941",NA,NA,NA,NA,NA,NA,NA,NA,NA,NA,NA,NA,NA,0
"942",NA,NA,NA,NA,NA,NA,NA,NA,NA,NA,NA,NA,NA,0
"943",NA,NA,NA,NA,5,NA,3,2,3.83333333333333,3.75,NA,NA,NA,0
"944",NA,NA,NA,NA,4,NA,6,2.66666666666667,4.16666666666667,4.4,NA,NA,NA,0
"945",NA,NA,NA,NA,NA,NA,NA,NA,NA,NA,NA,NA,NA,0
"946",NA,NA,NA,NA,NA,NA,NA,NA,NA,NA,NA,NA,NA,0
"947",NA,NA,NA,NA,NA,NA,NA,NA,NA,NA,NA,NA,NA,0
"948",NA,NA,NA,NA,NA,NA,NA,NA,NA,NA,NA,NA,NA,0
"949",NA,NA,NA,NA,NA,NA,NA,NA,NA,NA,NA,NA,NA,0
"950",NA,NA,NA,NA,2,NA,7,3,4.66666666666667,4.8,NA,NA,NA,0
"951",NA,NA,NA,NA,NA,NA,NA,NA,NA,NA,NA,NA,NA,0
"952",NA,NA,NA,NA,NA,NA,NA,NA,NA,NA,NA,NA,NA,0
"953",NA,NA,NA,NA,1,3.55534806148941,4,NA,NA,NA,NA,NA,NA,0
"954",NA,NA,NA,NA,4,NA,4,1.66666666666667,3.8,1.6,NA,NA,NA,0
"955",NA,NA,NA,NA,NA,NA,NA,NA,NA,NA,NA,NA,NA,0
"956",NA,NA,NA,NA,NA,NA,NA,NA,NA,NA,NA,NA,NA,0
"957",NA,NA,NA,NA,1,NA,4,2.66666666666667,NA,NA,NA,NA,NA,0
"958",NA,NA,NA,NA,NA,NA,NA,NA,NA,NA,NA,NA,NA,0
"959",NA,NA,NA,NA,NA,NA,NA,NA,NA,NA,NA,NA,NA,0
"960",NA,NA,NA,NA,NA,NA,NA,NA,NA,NA,NA,NA,NA,0
"961",NA,NA,NA,NA,NA,NA,NA,NA,NA,NA,NA,NA,NA,0
"962",NA,NA,NA,NA,NA,NA,NA,NA,NA,NA,NA,NA,NA,0
"963",NA,NA,NA,NA,NA,NA,NA,NA,NA,NA,NA,NA,NA,0
"964",NA,NA,NA,NA,5,NA,6,3.66666666666667,4,3.2,NA,NA,NA,0
"965",NA,NA,NA,NA,NA,NA,NA,NA,NA,NA,NA,NA,NA,0
"966",NA,NA,NA,NA,NA,4.0943445622221,NA,NA,NA,NA,NA,NA,NA,0
